TIMESTAMP,RECORD,BattV_Avg,PTemp_C_Avg,VWC_5cm_Avg,Ka_5cm_Avg,T_5cm_Avg,BulkEC_5cm_Avg,VWC_10cm_Avg,Ka_10cm_Avg,T_10cm_Avg,BulkEC_10cm_Avg,VWC_20cm_Avg,Ka_20cm_Avg,T_20cm_Avg,BulkEC_20cm_Avg,VWC_30cm_Avg,Ka_30cm_Avg,T_30cm_Avg,BulkEC_30cm_Avg,VWC_40cm_Avg,Ka_40cm_Avg,T_40cm_Avg,BulkEC_40cm_Avg,VWC_50cm_Avg,Ka_50cm_Avg,T_50cm_Avg,BulkEC_50cm_Avg,Temp_C_Avg,SlrFD_W_Avg,Rain_mm_Tot,Strikes_Tot,Dist_km_Avg,WS_ms_S_WVT,WindDir_D1_WVT,WindDir_SD1_WVT,MaxWS_ms_Avg,AirT_C_Avg,VP_mbar_Avg,BP_mbar_Avg,RH,RHT_C
2023-04-05 00:00:00,16816.0,13.64,24.22,,,,,,,,,,,,,,,,,,,,,,,,,23.33,,,,,,0.0,0.0,,,,,,
2023-04-05 00:01:00,16817.0,13.65,24.22,,,,,,,,,,,,,,,,,,,,,,,,,23.26,,,,,,0.0,0.0,,,,,,
2023-04-05 00:02:00,16818.0,13.66,24.22,,,,,,,,,,,,,,,,,,,,,,,,,23.28,,,,,,0.0,0.0,,,,,,
2023-04-05 00:03:00,16819.0,13.64,24.21,,,,,,,,,,,,,,,,,,,,,,,,,23.35,,,,,,0.0,0.0,,,,,,
2023-04-05 00:04:00,16820.0,13.66,24.21,,,,,,,,,,,,,,,,,,,,,,,,,23.42,,,,,,0.0,0.0,,,,,,
2023-04-05 00:05:00,16821.0,13.64,24.19,,,,,,,,,,,,,,,,,,,,,,,,,23.41,,,,,,0.0,0.0,,,,,,
2023-04-05 00:06:00,16822.0,13.59,24.21,,,,,,,,,,,,,,,,,,,,,,,,,23.46,,,,,,0.0,0.0,,,,,,
2023-04-05 00:07:00,16823.0,13.61,24.2,,,,,,,,,,,,,,,,,,,,,,,,,23.45,,,,,,0.0,0.0,,,,,,
2023-04-05 00:08:00,16824.0,13.58,24.21,,,,,,,,,,,,,,,,,,,,,,,,,23.46,,,,,,0.0,0.0,,,,,,
2023-04-05 00:09:00,16825.0,13.61,24.2,,,,,,,,,,,,,,,,,,,,,,,,,23.47,,,,,,0.0,0.0,,,,,,
2023-04-05 00:10:00,16826.0,13.63,24.19,,,,,,,,,,,,,,,,,,,,,,,,,23.42,,,,,,0.0,0.0,,,,,,
2023-04-05 00:11:00,16827.0,13.59,24.19,,,,,,,,,,,,,,,,,,,,,,,,,23.43,,,,,,0.0,0.0,,,,,,
2023-04-05 00:12:00,16828.0,13.67,24.19,,,,,,,,,,,,,,,,,,,,,,,,,23.44,,,,,,0.0,0.0,,,,,,
2023-04-05 00:13:00,16829.0,13.64,24.19,,,,,,,,,,,,,,,,,,,,,,,,,23.27,,,,,,0.0,0.0,,,,,,
2023-04-05 00:14:00,16830.0,13.67,24.17,,,,,,,,,,,,,,,,,,,,,,,,,23.35,,,,,,0.0,0.0,,,,,,
2023-04-05 00:15:00,16831.0,13.62,24.18,,,,,,,,,,,,,,,,,,,,,,,,,23.42,,,,,,0.0,0.0,,,,,,
2023-04-05 00:16:00,16832.0,13.71,24.19,,,,,,,,,,,,,,,,,,,,,,,,,23.46,,,,,,0.0,0.0,,,,,,
2023-04-05 00:17:00,16833.0,13.67,24.17,,,,,,,,,,,,,,,,,,,,,,,,,23.37,,,,,,0.0,0.0,,,,,,
2023-04-05 00:18:00,16834.0,13.61,24.18,,,,,,,,,,,,,,,,,,,,,,,,,23.42,,,,,,0.0,0.0,,,,,,
2023-04-05 00:19:00,16835.0,13.64,24.18,,,,,,,,,,,,,,,,,,,,,,,,,23.55,,,,,,0.0,0.0,,,,,,
2023-04-05 00:20:00,16836.0,13.64,24.17,,,,,,,,,,,,,,,,,,,,,,,,,23.42,,,,,,0.0,0.0,,,,,,
2023-04-05 00:21:00,16837.0,13.64,24.17,,,,,,,,,,,,,,,,,,,,,,,,,23.32,,,,,,0.0,0.0,,,,,,
2023-04-05 00:22:00,16838.0,13.67,24.18,,,,,,,,,,,,,,,,,,,,,,,,,23.26,,,,,,0.0,0.0,,,,,,
2023-04-05 00:23:00,16839.0,13.64,24.16,,,,,,,,,,,,,,,,,,,,,,,,,23.26,,,,,,0.0,0.0,,,,,,
2023-04-05 00:24:00,16840.0,13.61,24.17,,,,,,,,,,,,,,,,,,,,,,,,,23.49,,,,,,0.0,0.0,,,,,,
2023-04-05 00:25:00,16841.0,13.61,24.17,,,,,,,,,,,,,,,,,,,,,,,,,23.47,,,,,,0.0,0.0,,,,,,
2023-04-05 00:26:00,16842.0,13.64,24.16,,,,,,,,,,,,,,,,,,,,,,,,,23.33,,,,,,0.0,0.0,,,,,,
2023-04-05 00:27:00,16843.0,13.63,24.16,,,,,,,,,,,,,,,,,,,,,,,,,23.36,,,,,,0.0,0.0,,,,,,
2023-04-05 00:28:00,16844.0,13.65,24.15,,,,,,,,,,,,,,,,,,,,,,,,,23.44,,,,,,0.0,0.0,,,,,,
2023-04-05 00:29:00,16845.0,13.62,24.15,,,,,,,,,,,,,,,,,,,,,,,,,23.39,,,,,,0.0,0.0,,,,,,
2023-04-05 00:30:00,16846.0,13.63,24.16,,,,,,,,,,,,,,,,,,,,,,,,,23.43,,,,,,0.0,0.0,,,,,,
2023-04-05 00:31:00,16847.0,13.61,24.16,,,,,,,,,,,,,,,,,,,,,,,,,23.43,,,,,,0.0,0.0,,,,,,
2023-04-05 00:32:00,16848.0,13.58,24.17,,,,,,,,,,,,,,,,,,,,,,,,,23.44,,,,,,0.0,0.0,,,,,,
2023-04-05 00:33:00,16849.0,13.61,24.16,,,,,,,,,,,,,,,,,,,,,,,,,23.48,,,,,,0.0,0.0,,,,,,
2023-04-05 00:34:00,16850.0,13.57,24.16,,,,,,,,,,,,,,,,,,,,,,,,,23.36,,,,,,0.0,0.0,,,,,,
2023-04-05 00:35:00,16851.0,13.61,24.16,,,,,,,,,,,,,,,,,,,,,,,,,23.35,,,,,,0.0,0.0,,,,,,
2023-04-05 00:36:00,16852.0,13.61,24.15,,,,,,,,,,,,,,,,,,,,,,,,,23.36,,,,,,0.0,0.0,,,,,,
2023-04-05 00:37:00,16853.0,13.62,24.15,,,,,,,,,,,,,,,,,,,,,,,,,23.42,,,,,,0.0,0.0,,,,,,
2023-04-05 00:38:00,16854.0,13.62,24.15,,,,,,,,,,,,,,,,,,,,,,,,,23.38,,,,,,0.0,0.0,,,,,,
2023-04-05 00:39:00,16855.0,13.64,24.15,,,,,,,,,,,,,,,,,,,,,,,,,23.36,,,,,,0.0,0.0,,,,,,
2023-04-05 00:40:00,16856.0,13.63,24.16,,,,,,,,,,,,,,,,,,,,,,,,,23.39,,,,,,0.0,0.0,,,,,,
2023-04-05 00:41:00,16857.0,13.61,24.17,,,,,,,,,,,,,,,,,,,,,,,,,23.45,,,,,,0.0,0.0,,,,,,
2023-04-05 00:42:00,16858.0,13.61,24.16,,,,,,,,,,,,,,,,,,,,,,,,,23.38,,,,,,0.0,0.0,,,,,,
2023-04-05 00:43:00,16859.0,13.61,24.15,,,,,,,,,,,,,,,,,,,,,,,,,23.43,,,,,,0.0,0.0,,,,,,
2023-04-05 00:44:00,16860.0,13.61,24.16,,,,,,,,,,,,,,,,,,,,,,,,,23.53,,,,,,0.0,0.0,,,,,,
2023-04-05 00:45:00,16861.0,13.62,24.17,,,,,,,,,,,,,,,,,,,,,,,,,23.41,,,,,,0.0,0.0,,,,,,
2023-04-05 00:46:00,16862.0,13.62,24.17,,,,,,,,,,,,,,,,,,,,,,,,,23.44,,,,,,0.0,0.0,,,,,,
2023-04-05 00:47:00,16863.0,13.61,24.16,,,,,,,,,,,,,,,,,,,,,,,,,23.41,,,,,,0.0,0.0,,,,,,
2023-04-05 00:48:00,16864.0,13.6,24.16,,,,,,,,,,,,,,,,,,,,,,,,,23.57,,,,,,0.0,0.0,,,,,,
2023-04-05 00:49:00,16865.0,13.61,24.17,,,,,,,,,,,,,,,,,,,,,,,,,23.46,,,,,,0.0,0.0,,,,,,
2023-04-05 00:50:00,16866.0,13.57,24.16,,,,,,,,,,,,,,,,,,,,,,,,,23.44,,,,,,0.0,0.0,,,,,,
2023-04-05 00:51:00,16867.0,13.61,24.16,,,,,,,,,,,,,,,,,,,,,,,,,23.43,,,,,,0.0,0.0,,,,,,
2023-04-05 00:52:00,16868.0,13.64,24.17,,,,,,,,,,,,,,,,,,,,,,,,,23.48,,,,,,0.0,0.0,,,,,,
2023-04-05 00:53:00,16869.0,13.64,24.17,,,,,,,,,,,,,,,,,,,,,,,,,23.43,,,,,,0.0,0.0,,,,,,
2023-04-05 00:54:00,16870.0,13.61,24.18,,,,,,,,,,,,,,,,,,,,,,,,,23.42,,,,,,0.0,0.0,,,,,,
2023-04-05 00:55:00,16871.0,13.64,24.16,,,,,,,,,,,,,,,,,,,,,,,,,23.39,,,,,,0.0,0.0,,,,,,
2023-04-05 00:56:00,16872.0,13.64,24.17,,,,,,,,,,,,,,,,,,,,,,,,,23.39,,,,,,0.0,0.0,,,,,,
2023-04-05 00:57:00,16873.0,13.61,24.18,,,,,,,,,,,,,,,,,,,,,,,,,23.42,,,,,,0.0,0.0,,,,,,
2023-04-05 00:58:00,16874.0,13.64,24.17,,,,,,,,,,,,,,,,,,,,,,,,,23.37,,,,,,0.0,0.0,,,,,,
2023-04-05 00:59:00,16875.0,13.63,24.17,,,,,,,,,,,,,,,,,,,,,,,,,23.4,,,,,,0.0,0.0,,,,,,
2023-04-05 01:00:00,16876.0,13.61,24.18,,,,,,,,,,,,,,,,,,,,,,,,,23.4,,,,,,0.0,0.0,,,,,,
2023-04-05 01:01:00,16877.0,13.64,24.17,,,,,,,,,,,,,,,,,,,,,,,,,23.44,,,,,,0.0,0.0,,,,,,
2023-04-05 01:02:00,16878.0,13.59,24.18,,,,,,,,,,,,,,,,,,,,,,,,,23.38,,,,,,0.0,0.0,,,,,,
2023-04-05 01:04:00,16880.0,13.61,24.18,,,,,,,,,,,,,,,,,,,,,,,,,23.41,,,,,,0.0,0.0,,,,,,
2023-04-05 01:05:00,16881.0,13.64,24.18,,,,,,,,,,,,,,,,,,,,,,,,,23.35,,,,,,0.0,0.0,,,,,,
2023-04-05 01:06:00,16882.0,13.6,24.19,,,,,,,,,,,,,,,,,,,,,,,,,23.42,,,,,,0.0,0.0,,,,,,
2023-04-05 01:07:00,16883.0,13.61,24.19,,,,,,,,,,,,,,,,,,,,,,,,,23.39,,,,,,0.0,0.0,,,,,,
2023-04-05 01:08:00,16884.0,13.64,24.19,,,,,,,,,,,,,,,,,,,,,,,,,23.43,,,,,,0.0,0.0,,,,,,
2023-04-05 01:09:00,16885.0,13.62,24.2,,,,,,,,,,,,,,,,,,,,,,,,,23.43,,,,,,0.0,0.0,,,,,,
2023-04-05 01:10:00,16886.0,13.65,24.2,,,,,,,,,,,,,,,,,,,,,,,,,23.44,,,,,,0.0,0.0,,,,,,
2023-04-05 01:11:00,16887.0,13.65,24.19,,,,,,,,,,,,,,,,,,,,,,,,,23.41,,,,,,0.0,0.0,,,,,,
2023-04-05 01:12:00,16888.0,13.61,24.21,,,,,,,,,,,,,,,,,,,,,,,,,23.44,,,,,,0.0,0.0,,,,,,
2023-04-05 01:13:00,16889.0,13.61,24.21,,,,,,,,,,,,,,,,,,,,,,,,,23.47,,,,,,0.0,0.0,,,,,,
2023-04-05 01:14:00,16890.0,13.61,24.2,,,,,,,,,,,,,,,,,,,,,,,,,23.43,,,,,,0.0,0.0,,,,,,
2023-04-05 01:15:00,16891.0,13.61,24.21,,,,,,,,,,,,,,,,,,,,,,,,,23.38,,,,,,0.0,0.0,,,,,,
2023-04-05 01:16:00,16892.0,13.61,24.21,,,,,,,,,,,,,,,,,,,,,,,,,23.42,,,,,,0.0,0.0,,,,,,
2023-04-05 01:17:00,16893.0,13.6,24.22,,,,,,,,,,,,,,,,,,,,,,,,,23.45,,,,,,0.0,0.0,,,,,,
2023-04-05 01:18:00,16894.0,13.65,24.21,,,,,,,,,,,,,,,,,,,,,,,,,23.38,,,,,,0.0,0.0,,,,,,
2023-04-05 01:19:00,16895.0,13.61,24.22,,,,,,,,,,,,,,,,,,,,,,,,,23.4,,,,,,0.0,0.0,,,,,,
2023-04-05 01:20:00,16896.0,13.62,24.21,,,,,,,,,,,,,,,,,,,,,,,,,23.46,,,,,,0.0,0.0,,,,,,
2023-04-05 01:21:00,16897.0,13.64,24.22,,,,,,,,,,,,,,,,,,,,,,,,,23.45,,,,,,0.0,0.0,,,,,,
2023-04-05 01:22:00,16898.0,13.57,24.23,,,,,,,,,,,,,,,,,,,,,,,,,23.43,,,,,,0.0,0.0,,,,,,
2023-04-05 01:23:00,16899.0,13.58,24.23,,,,,,,,,,,,,,,,,,,,,,,,,23.45,,,,,,0.0,0.0,,,,,,
2023-04-05 01:24:00,16900.0,13.65,24.22,,,,,,,,,,,,,,,,,,,,,,,,,23.47,,,,,,0.0,0.0,,,,,,
2023-04-05 01:25:00,16901.0,13.61,24.22,,,,,,,,,,,,,,,,,,,,,,,,,23.39,,,,,,0.0,0.0,,,,,,
2023-04-05 01:26:00,16902.0,13.61,24.23,,,,,,,,,,,,,,,,,,,,,,,,,23.41,,,,,,0.0,0.0,,,,,,
2023-04-05 01:27:00,16903.0,13.58,24.22,,,,,,,,,,,,,,,,,,,,,,,,,23.38,,,,,,0.0,0.0,,,,,,
2023-04-05 01:28:00,16904.0,13.61,24.23,,,,,,,,,,,,,,,,,,,,,,,,,23.42,,,,,,0.0,0.0,,,,,,
2023-04-05 01:29:00,16905.0,13.63,24.23,,,,,,,,,,,,,,,,,,,,,,,,,23.4,,,,,,0.0,0.0,,,,,,
2023-04-05 01:30:00,16906.0,13.58,24.24,,,,,,,,,,,,,,,,,,,,,,,,,23.41,,,,,,0.0,0.0,,,,,,
2023-04-05 01:31:00,16907.0,13.62,24.23,,,,,,,,,,,,,,,,,,,,,,,,,23.42,,,,,,0.0,0.0,,,,,,
2023-04-05 01:32:00,16908.0,13.61,24.23,,,,,,,,,,,,,,,,,,,,,,,,,23.41,,,,,,0.0,0.0,,,,,,
2023-04-05 01:33:00,16909.0,13.61,24.24,,,,,,,,,,,,,,,,,,,,,,,,,23.38,,,,,,0.0,0.0,,,,,,
2023-04-05 01:34:00,16910.0,13.61,24.25,,,,,,,,,,,,,,,,,,,,,,,,,23.39,,,,,,0.0,0.0,,,,,,
2023-04-05 01:35:00,16911.0,13.61,24.25,,,,,,,,,,,,,,,,,,,,,,,,,23.52,,,,,,0.0,0.0,,,,,,
2023-04-05 01:36:00,16912.0,13.65,24.25,,,,,,,,,,,,,,,,,,,,,,,,,23.46,,,,,,0.0,0.0,,,,,,
2023-04-05 01:37:00,16913.0,13.64,24.24,,,,,,,,,,,,,,,,,,,,,,,,,23.42,,,,,,0.0,0.0,,,,,,
2023-04-05 01:38:00,16914.0,13.62,24.26,,,,,,,,,,,,,,,,,,,,,,,,,23.43,,,,,,0.0,0.0,,,,,,
2023-04-05 01:39:00,16915.0,13.64,24.25,,,,,,,,,,,,,,,,,,,,,,,,,23.46,,,,,,0.0,0.0,,,,,,
2023-04-05 01:40:00,16916.0,13.65,24.24,,,,,,,,,,,,,,,,,,,,,,,,,23.42,,,,,,0.0,0.0,,,,,,
2023-04-05 01:41:00,16917.0,13.62,24.25,,,,,,,,,,,,,,,,,,,,,,,,,23.42,,,,,,0.0,0.0,,,,,,
2023-04-05 01:42:00,16918.0,13.63,24.25,,,,,,,,,,,,,,,,,,,,,,,,,23.4,,,,,,0.0,0.0,,,,,,
2023-04-05 01:43:00,16919.0,13.64,24.26,,,,,,,,,,,,,,,,,,,,,,,,,23.44,,,,,,0.0,0.0,,,,,,
2023-04-05 01:44:00,16920.0,13.62,24.25,,,,,,,,,,,,,,,,,,,,,,,,,23.43,,,,,,0.0,0.0,,,,,,
2023-04-05 01:45:00,16921.0,13.65,24.26,,,,,,,,,,,,,,,,,,,,,,,,,23.48,,,,,,0.0,0.0,,,,,,
2023-04-05 01:46:00,16922.0,13.58,24.24,,,,,,,,,,,,,,,,,,,,,,,,,23.45,,,,,,0.0,0.0,,,,,,
2023-04-05 01:47:00,16923.0,13.65,24.25,,,,,,,,,,,,,,,,,,,,,,,,,23.48,,,,,,0.0,0.0,,,,,,
2023-04-05 01:48:00,16924.0,13.64,24.25,,,,,,,,,,,,,,,,,,,,,,,,,23.48,,,,,,0.0,0.0,,,,,,
2023-04-05 01:49:00,16925.0,13.62,24.26,,,,,,,,,,,,,,,,,,,,,,,,,23.45,,,,,,0.0,0.0,,,,,,
2023-04-05 01:50:00,16926.0,13.58,24.25,,,,,,,,,,,,,,,,,,,,,,,,,23.42,,,,,,0.0,0.0,,,,,,
2023-04-05 01:51:00,16927.0,13.64,24.24,,,,,,,,,,,,,,,,,,,,,,,,,23.43,,,,,,0.0,0.0,,,,,,
2023-04-05 01:52:00,16928.0,13.68,24.25,,,,,,,,,,,,,,,,,,,,,,,,,23.46,,,,,,0.0,0.0,,,,,,
2023-04-05 01:53:00,16929.0,13.61,24.25,,,,,,,,,,,,,,,,,,,,,,,,,23.4,,,,,,0.0,0.0,,,,,,
2023-04-05 01:54:00,16930.0,13.61,24.25,,,,,,,,,,,,,,,,,,,,,,,,,23.38,,,,,,0.0,0.0,,,,,,
2023-04-05 01:55:00,16931.0,13.64,24.24,,,,,,,,,,,,,,,,,,,,,,,,,23.38,,,,,,0.0,0.0,,,,,,
2023-04-05 01:56:00,16932.0,13.67,24.26,,,,,,,,,,,,,,,,,,,,,,,,,23.37,,,,,,0.0,0.0,,,,,,
2023-04-05 01:57:00,16933.0,13.64,24.26,,,,,,,,,,,,,,,,,,,,,,,,,23.41,,,,,,0.0,0.0,,,,,,
2023-04-05 01:58:00,16934.0,13.65,24.26,,,,,,,,,,,,,,,,,,,,,,,,,23.43,,,,,,0.0,0.0,,,,,,
2023-04-05 01:59:00,16935.0,13.58,24.26,,,,,,,,,,,,,,,,,,,,,,,,,23.4,,,,,,0.0,0.0,,,,,,
2023-04-05 02:00:00,16936.0,13.64,24.26,,,,,,,,,,,,,,,,,,,,,,,,,23.42,,,,,,0.0,0.0,,,,,,
2023-04-05 02:01:00,16937.0,13.63,24.26,,,,,,,,,,,,,,,,,,,,,,,,,23.48,,,,,,0.0,0.0,,,,,,
2023-04-05 02:02:00,16938.0,13.62,24.27,,,,,,,,,,,,,,,,,,,,,,,,,23.43,,,,,,0.0,0.0,,,,,,
2023-04-05 02:04:00,16940.0,13.62,24.28,,,,,,,,,,,,,,,,,,,,,,,,,23.49,,,,,,0.0,0.0,,,,,,
2023-04-05 02:05:00,16941.0,13.61,24.26,,,,,,,,,,,,,,,,,,,,,,,,,23.48,,,,,,0.0,0.0,,,,,,
2023-04-05 02:06:00,16942.0,13.62,24.28,,,,,,,,,,,,,,,,,,,,,,,,,23.45,,,,,,0.0,0.0,,,,,,
2023-04-05 02:07:00,16943.0,13.62,24.28,,,,,,,,,,,,,,,,,,,,,,,,,23.43,,,,,,0.0,0.0,,,,,,
2023-04-05 02:08:00,16944.0,13.63,24.27,,,,,,,,,,,,,,,,,,,,,,,,,23.5,,,,,,0.0,0.0,,,,,,
2023-04-05 02:09:00,16945.0,13.63,24.29,,,,,,,,,,,,,,,,,,,,,,,,,23.49,,,,,,0.0,0.0,,,,,,
2023-04-05 02:10:00,16946.0,13.68,24.3,,,,,,,,,,,,,,,,,,,,,,,,,23.48,,,,,,0.0,0.0,,,,,,
2023-04-05 02:11:00,16947.0,13.62,24.31,,,,,,,,,,,,,,,,,,,,,,,,,23.49,,,,,,0.0,0.0,,,,,,
2023-04-05 02:12:00,16948.0,13.64,24.31,,,,,,,,,,,,,,,,,,,,,,,,,23.49,,,,,,0.0,0.0,,,,,,
2023-04-05 02:13:00,16949.0,13.61,24.33,,,,,,,,,,,,,,,,,,,,,,,,,23.46,,,,,,0.0,0.0,,,,,,
2023-04-05 02:14:00,16950.0,13.61,24.32,,,,,,,,,,,,,,,,,,,,,,,,,23.5,,,,,,0.0,0.0,,,,,,
2023-04-05 02:15:00,16951.0,13.61,24.34,,,,,,,,,,,,,,,,,,,,,,,,,23.48,,,,,,0.0,0.0,,,,,,
2023-04-05 02:16:00,16952.0,13.62,24.35,,,,,,,,,,,,,,,,,,,,,,,,,23.5,,,,,,0.0,0.0,,,,,,
2023-04-05 02:17:00,16953.0,13.61,24.36,,,,,,,,,,,,,,,,,,,,,,,,,23.55,,,,,,0.0,0.0,,,,,,
2023-04-05 02:18:00,16954.0,13.6,24.37,,,,,,,,,,,,,,,,,,,,,,,,,23.58,,,,,,0.0,0.0,,,,,,
2023-04-05 02:19:00,16955.0,13.58,24.37,,,,,,,,,,,,,,,,,,,,,,,,,23.55,,,,,,0.0,0.0,,,,,,
2023-04-05 02:20:00,16956.0,13.6,24.39,,,,,,,,,,,,,,,,,,,,,,,,,23.59,,,,,,0.0,0.0,,,,,,
2023-04-05 02:21:00,16957.0,13.61,24.39,,,,,,,,,,,,,,,,,,,,,,,,,23.53,,,,,,0.0,0.0,,,,,,
2023-04-05 02:22:00,16958.0,13.61,24.41,,,,,,,,,,,,,,,,,,,,,,,,,23.56,,,,,,0.0,0.0,,,,,,
2023-04-05 02:23:00,16959.0,13.61,24.42,,,,,,,,,,,,,,,,,,,,,,,,,23.55,,,,,,0.0,0.0,,,,,,
2023-04-05 02:24:00,16960.0,13.59,24.43,,,,,,,,,,,,,,,,,,,,,,,,,23.54,,,,,,0.0,0.0,,,,,,
2023-04-05 02:25:00,16961.0,13.61,24.45,,,,,,,,,,,,,,,,,,,,,,,,,23.55,,,,,,0.0,0.0,,,,,,
2023-04-05 02:26:00,16962.0,13.61,24.46,,,,,,,,,,,,,,,,,,,,,,,,,23.62,,,,,,0.0,0.0,,,,,,
2023-04-05 02:27:00,16963.0,13.61,24.47,,,,,,,,,,,,,,,,,,,,,,,,,23.54,,,,,,0.0,0.0,,,,,,
2023-04-05 02:28:00,16964.0,13.59,24.48,,,,,,,,,,,,,,,,,,,,,,,,,23.52,,,,,,0.0,0.0,,,,,,
2023-04-05 02:29:00,16965.0,13.61,24.48,,,,,,,,,,,,,,,,,,,,,,,,,23.56,,,,,,0.0,0.0,,,,,,
2023-04-05 02:30:00,16966.0,13.6,24.49,,,,,,,,,,,,,,,,,,,,,,,,,23.55,,,,,,0.0,0.0,,,,,,
2023-04-05 02:32:00,16968.0,13.65,24.51,,,,,,,,,,,,,,,,,,,,,,,,,23.62,,,,,,0.0,0.0,,,,,,
2023-04-05 02:33:00,16969.0,13.58,24.53,,,,,,,,,,,,,,,,,,,,,,,,,23.6,,,,,,0.0,0.0,,,,,,
2023-04-05 02:34:00,16970.0,13.58,24.53,,,,,,,,,,,,,,,,,,,,,,,,,23.55,,,,,,0.0,0.0,,,,,,
2023-04-05 02:35:00,16971.0,13.61,24.53,,,,,,,,,,,,,,,,,,,,,,,,,23.61,,,,,,0.0,0.0,,,,,,
2023-04-05 02:36:00,16972.0,13.58,24.55,,,,,,,,,,,,,,,,,,,,,,,,,23.65,,,,,,0.0,0.0,,,,,,
2023-04-05 02:37:00,16973.0,13.65,24.54,,,,,,,,,,,,,,,,,,,,,,,,,23.61,,,,,,0.0,0.0,,,,,,
2023-04-05 02:38:00,16974.0,13.65,24.56,,,,,,,,,,,,,,,,,,,,,,,,,23.64,,,,,,0.0,0.0,,,,,,
2023-04-05 02:39:00,16975.0,13.6,24.57,,,,,,,,,,,,,,,,,,,,,,,,,23.66,,,,,,0.0,0.0,,,,,,
2023-04-05 02:40:00,16976.0,13.54,24.57,,,,,,,,,,,,,,,,,,,,,,,,,23.65,,,,,,0.0,0.0,,,,,,
2023-04-05 02:41:00,16977.0,13.61,24.6,,,,,,,,,,,,,,,,,,,,,,,,,23.68,,,,,,0.0,0.0,,,,,,
2023-04-05 02:42:00,16978.0,13.61,24.59,,,,,,,,,,,,,,,,,,,,,,,,,23.67,,,,,,0.0,0.0,,,,,,
2023-04-05 02:43:00,16979.0,13.61,24.61,,,,,,,,,,,,,,,,,,,,,,,,,23.65,,,,,,0.0,0.0,,,,,,
2023-04-05 02:44:00,16980.0,13.6,24.6,,,,,,,,,,,,,,,,,,,,,,,,,23.67,,,,,,0.0,0.0,,,,,,
2023-04-05 02:45:00,16981.0,13.59,24.62,,,,,,,,,,,,,,,,,,,,,,,,,23.65,,,,,,0.0,0.0,,,,,,
2023-04-05 02:47:00,16983.0,13.59,24.63,,,,,,,,,,,,,,,,,,,,,,,,,23.6,,,,,,0.0,0.0,,,,,,
2023-04-05 02:48:00,16984.0,13.59,24.65,,,,,,,,,,,,,,,,,,,,,,,,,23.68,,,,,,0.0,0.0,,,,,,
2023-04-05 02:49:00,16985.0,13.62,24.65,,,,,,,,,,,,,,,,,,,,,,,,,23.72,,,,,,0.0,0.0,,,,,,
2023-04-05 02:50:00,16986.0,13.61,24.65,,,,,,,,,,,,,,,,,,,,,,,,,23.68,,,,,,0.0,0.0,,,,,,
2023-04-05 02:51:00,16987.0,13.61,24.67,,,,,,,,,,,,,,,,,,,,,,,,,23.6,,,,,,0.0,0.0,,,,,,
2023-04-05 02:52:00,16988.0,13.59,24.67,,,,,,,,,,,,,,,,,,,,,,,,,23.66,,,,,,0.0,0.0,,,,,,
2023-04-05 02:53:00,16989.0,13.61,24.68,,,,,,,,,,,,,,,,,,,,,,,,,23.73,,,,,,0.0,0.0,,,,,,
2023-04-05 02:54:00,16990.0,13.58,24.69,,,,,,,,,,,,,,,,,,,,,,,,,23.7,,,,,,0.0,0.0,,,,,,
2023-04-05 02:55:00,16991.0,13.62,24.7,,,,,,,,,,,,,,,,,,,,,,,,,23.75,,,,,,0.0,0.0,,,,,,
2023-04-05 02:56:00,16992.0,13.6,24.7,,,,,,,,,,,,,,,,,,,,,,,,,23.71,,,,,,0.0,0.0,,,,,,
2023-04-05 02:57:00,16993.0,13.57,24.71,,,,,,,,,,,,,,,,,,,,,,,,,23.75,,,,,,0.0,0.0,,,,,,
2023-04-05 02:58:00,16994.0,13.63,24.71,,,,,,,,,,,,,,,,,,,,,,,,,23.78,,,,,,0.0,0.0,,,,,,
2023-04-05 02:59:00,16995.0,13.62,24.7,,,,,,,,,,,,,,,,,,,,,,,,,23.76,,,,,,0.0,0.0,,,,,,
2023-04-05 03:00:00,16996.0,13.61,24.73,,,,,,,,,,,,,,,,,,,,,,,,,23.82,,,,,,0.0,0.0,,,,,,
2023-04-05 03:01:00,16997.0,13.57,24.72,,,,,,,,,,,,,,,,,,,,,,,,,23.82,,,,,,0.0,0.0,,,,,,
2023-04-05 03:02:00,16998.0,13.57,24.74,,,,,,,,,,,,,,,,,,,,,,,,,23.8,,,,,,0.0,0.0,,,,,,
2023-04-05 03:03:00,16999.0,13.62,24.74,,,,,,,,,,,,,,,,,,,,,,,,,23.78,,,,,,0.0,0.0,,,,,,
2023-04-05 03:04:00,17000.0,13.61,24.74,,,,,,,,,,,,,,,,,,,,,,,,,23.8,,,,,,0.0,0.0,,,,,,
2023-04-05 03:05:00,17001.0,13.55,24.74,,,,,,,,,,,,,,,,,,,,,,,,,23.81,,,,,,0.0,0.0,,,,,,
2023-04-05 03:06:00,17002.0,13.62,24.74,,,,,,,,,,,,,,,,,,,,,,,,,23.8,,,,,,0.0,0.0,,,,,,
2023-04-05 03:07:00,17003.0,13.56,24.75,,,,,,,,,,,,,,,,,,,,,,,,,23.79,,,,,,0.0,0.0,,,,,,
2023-04-05 03:08:00,17004.0,13.64,24.75,,,,,,,,,,,,,,,,,,,,,,,,,23.77,,,,,,0.0,0.0,,,,,,
2023-04-05 03:09:00,17005.0,13.59,24.76,,,,,,,,,,,,,,,,,,,,,,,,,23.79,,,,,,0.0,0.0,,,,,,
2023-04-05 03:10:00,17006.0,13.61,24.77,,,,,,,,,,,,,,,,,,,,,,,,,23.78,,,,,,0.0,0.0,,,,,,
2023-04-05 03:11:00,17007.0,13.61,24.77,,,,,,,,,,,,,,,,,,,,,,,,,23.82,,,,,,0.0,0.0,,,,,,
2023-04-05 03:12:00,17008.0,13.57,24.78,,,,,,,,,,,,,,,,,,,,,,,,,23.81,,,,,,0.0,0.0,,,,,,
2023-04-05 03:13:00,17009.0,13.61,24.77,,,,,,,,,,,,,,,,,,,,,,,,,23.81,,,,,,0.0,0.0,,,,,,
2023-04-05 03:14:00,17010.0,13.58,24.78,,,,,,,,,,,,,,,,,,,,,,,,,23.81,,,,,,0.0,0.0,,,,,,
2023-04-05 03:15:00,17011.0,13.61,24.79,,,,,,,,,,,,,,,,,,,,,,,,,23.83,,,,,,0.0,0.0,,,,,,
2023-04-05 03:16:00,17012.0,13.62,24.79,,,,,,,,,,,,,,,,,,,,,,,,,23.86,,,,,,0.0,0.0,,,,,,
2023-04-05 03:17:00,17013.0,13.59,24.78,,,,,,,,,,,,,,,,,,,,,,,,,23.81,,,,,,0.0,0.0,,,,,,
2023-04-05 03:18:00,17014.0,13.58,24.79,,,,,,,,,,,,,,,,,,,,,,,,,23.81,,,,,,0.0,0.0,,,,,,
2023-04-05 03:19:00,17015.0,13.61,24.8,,,,,,,,,,,,,,,,,,,,,,,,,23.87,,,,,,0.0,0.0,,,,,,
2023-04-05 03:20:00,17016.0,13.63,24.79,,,,,,,,,,,,,,,,,,,,,,,,,23.84,,,,,,0.0,0.0,,,,,,
2023-04-05 03:21:00,17017.0,13.61,24.8,,,,,,,,,,,,,,,,,,,,,,,,,23.86,,,,,,0.0,0.0,,,,,,
2023-04-05 03:22:00,17018.0,13.59,24.8,,,,,,,,,,,,,,,,,,,,,,,,,23.83,,,,,,0.0,0.0,,,,,,
2023-04-05 03:23:00,17019.0,13.58,24.81,,,,,,,,,,,,,,,,,,,,,,,,,23.86,,,,,,0.0,0.0,,,,,,
2023-04-05 03:24:00,17020.0,13.61,24.81,,,,,,,,,,,,,,,,,,,,,,,,,23.86,,,,,,0.0,0.0,,,,,,
2023-04-05 03:25:00,17021.0,13.6,24.83,,,,,,,,,,,,,,,,,,,,,,,,,23.85,,,,,,0.0,0.0,,,,,,
2023-04-05 03:26:00,17022.0,13.65,24.83,,,,,,,,,,,,,,,,,,,,,,,,,23.8,,,,,,0.0,0.0,,,,,,
2023-04-05 03:27:00,17023.0,13.6,24.83,,,,,,,,,,,,,,,,,,,,,,,,,23.9,,,,,,0.0,0.0,,,,,,
2023-04-05 03:28:00,17024.0,13.58,24.83,,,,,,,,,,,,,,,,,,,,,,,,,23.87,,,,,,0.0,0.0,,,,,,
2023-04-05 03:29:00,17025.0,13.58,24.83,,,,,,,,,,,,,,,,,,,,,,,,,23.87,,,,,,0.0,0.0,,,,,,
2023-04-05 03:30:00,17026.0,13.59,24.83,,,,,,,,,,,,,,,,,,,,,,,,,23.84,,,,,,0.0,0.0,,,,,,
2023-04-05 03:31:00,17027.0,13.62,24.82,,,,,,,,,,,,,,,,,,,,,,,,,23.9,,,,,,0.0,0.0,,,,,,
2023-04-05 03:32:00,17028.0,13.58,24.83,,,,,,,,,,,,,,,,,,,,,,,,,23.89,,,,,,0.0,0.0,,,,,,
2023-04-05 03:33:00,17029.0,13.61,24.84,,,,,,,,,,,,,,,,,,,,,,,,,23.88,,,,,,0.0,0.0,,,,,,
2023-04-05 03:34:00,17030.0,13.58,24.83,,,,,,,,,,,,,,,,,,,,,,,,,23.84,,,,,,0.0,0.0,,,,,,
2023-04-05 03:35:00,17031.0,13.62,24.84,,,,,,,,,,,,,,,,,,,,,,,,,23.9,,,,,,0.0,0.0,,,,,,
2023-04-05 03:36:00,17032.0,13.61,24.84,,,,,,,,,,,,,,,,,,,,,,,,,23.91,,,,,,0.0,0.0,,,,,,
2023-04-05 03:37:00,17033.0,13.6,24.85,,,,,,,,,,,,,,,,,,,,,,,,,23.87,,,,,,0.0,0.0,,,,,,
2023-04-05 03:38:00,17034.0,13.59,24.84,,,,,,,,,,,,,,,,,,,,,,,,,23.81,,,,,,0.0,0.0,,,,,,
2023-04-05 03:39:00,17035.0,13.61,24.85,,,,,,,,,,,,,,,,,,,,,,,,,23.8,,,,,,0.0,0.0,,,,,,
2023-04-05 03:40:00,17036.0,13.61,24.86,,,,,,,,,,,,,,,,,,,,,,,,,23.84,,,,,,0.0,0.0,,,,,,
2023-04-05 03:41:00,17037.0,13.62,24.85,,,,,,,,,,,,,,,,,,,,,,,,,23.87,,,,,,0.0,0.0,,,,,,
2023-04-05 03:42:00,17038.0,13.61,24.85,,,,,,,,,,,,,,,,,,,,,,,,,23.87,,,,,,0.0,0.0,,,,,,
2023-04-05 03:43:00,17039.0,13.62,24.86,,,,,,,,,,,,,,,,,,,,,,,,,23.96,,,,,,0.0,0.0,,,,,,
2023-04-05 03:44:00,17040.0,13.62,24.86,,,,,,,,,,,,,,,,,,,,,,,,,23.99,,,,,,0.0,0.0,,,,,,
2023-04-05 03:45:00,17041.0,13.58,24.86,,,,,,,,,,,,,,,,,,,,,,,,,23.97,,,,,,0.0,0.0,,,,,,
2023-04-05 03:46:00,17042.0,13.62,24.87,,,,,,,,,,,,,,,,,,,,,,,,,23.94,,,,,,0.0,0.0,,,,,,
2023-04-05 03:47:00,17043.0,13.59,24.87,,,,,,,,,,,,,,,,,,,,,,,,,23.89,,,,,,0.0,0.0,,,,,,
2023-04-05 03:48:00,17044.0,13.61,24.87,,,,,,,,,,,,,,,,,,,,,,,,,23.86,,,,,,0.0,0.0,,,,,,
2023-04-05 03:49:00,17045.0,13.62,24.88,,,,,,,,,,,,,,,,,,,,,,,,,23.88,,,,,,0.0,0.0,,,,,,
2023-04-05 03:50:00,17046.0,13.61,24.88,,,,,,,,,,,,,,,,,,,,,,,,,23.92,,,,,,0.0,0.0,,,,,,
2023-04-05 03:51:00,17047.0,13.63,24.87,,,,,,,,,,,,,,,,,,,,,,,,,23.9,,,,,,0.0,0.0,,,,,,
2023-04-05 03:52:00,17048.0,13.65,24.87,,,,,,,,,,,,,,,,,,,,,,,,,23.83,,,,,,0.0,0.0,,,,,,
2023-04-05 03:53:00,17049.0,13.57,24.89,,,,,,,,,,,,,,,,,,,,,,,,,23.91,,,,,,0.0,0.0,,,,,,
2023-04-05 03:54:00,17050.0,13.61,24.89,,,,,,,,,,,,,,,,,,,,,,,,,23.88,,,,,,0.0,0.0,,,,,,
2023-04-05 03:55:00,17051.0,13.62,24.9,,,,,,,,,,,,,,,,,,,,,,,,,23.92,,,,,,0.0,0.0,,,,,,
2023-04-05 03:56:00,17052.0,13.61,24.88,,,,,,,,,,,,,,,,,,,,,,,,,23.93,,,,,,0.0,0.0,,,,,,
2023-04-05 03:57:00,17053.0,13.61,24.9,,,,,,,,,,,,,,,,,,,,,,,,,23.92,,,,,,0.0,0.0,,,,,,
2023-04-05 03:58:00,17054.0,13.62,24.9,,,,,,,,,,,,,,,,,,,,,,,,,23.94,,,,,,0.0,0.0,,,,,,
2023-04-05 03:59:00,17055.0,13.61,24.9,,,,,,,,,,,,,,,,,,,,,,,,,23.93,,,,,,0.0,0.0,,,,,,
2023-04-05 04:00:00,17056.0,13.59,24.91,,,,,,,,,,,,,,,,,,,,,,,,,23.92,,,,,,0.0,0.0,,,,,,
2023-04-05 04:01:00,17057.0,13.62,24.9,,,,,,,,,,,,,,,,,,,,,,,,,23.9,,,,,,0.0,0.0,,,,,,
2023-04-05 04:02:00,17058.0,13.62,24.91,,,,,,,,,,,,,,,,,,,,,,,,,23.94,,,,,,0.0,0.0,,,,,,
2023-04-05 04:03:00,17059.0,13.61,24.91,,,,,,,,,,,,,,,,,,,,,,,,,23.97,,,,,,0.0,0.0,,,,,,
2023-04-05 04:04:00,17060.0,13.59,24.92,,,,,,,,,,,,,,,,,,,,,,,,,24.0,,,,,,0.0,0.0,,,,,,
2023-04-05 04:05:00,17061.0,13.59,24.91,,,,,,,,,,,,,,,,,,,,,,,,,23.98,,,,,,0.0,0.0,,,,,,
2023-04-05 04:06:00,17062.0,13.6,24.91,,,,,,,,,,,,,,,,,,,,,,,,,23.92,,,,,,0.0,0.0,,,,,,
2023-04-05 04:07:00,17063.0,13.61,24.91,,,,,,,,,,,,,,,,,,,,,,,,,23.95,,,,,,0.0,0.0,,,,,,
2023-04-05 04:08:00,17064.0,13.62,24.92,,,,,,,,,,,,,,,,,,,,,,,,,23.9,,,,,,0.0,0.0,,,,,,
2023-04-05 04:09:00,17065.0,13.58,24.93,,,,,,,,,,,,,,,,,,,,,,,,,23.91,,,,,,0.0,0.0,,,,,,
2023-04-05 04:10:00,17066.0,13.62,24.93,,,,,,,,,,,,,,,,,,,,,,,,,23.94,,,,,,0.0,0.0,,,,,,
2023-04-05 04:11:00,17067.0,13.61,24.93,,,,,,,,,,,,,,,,,,,,,,,,,23.89,,,,,,0.0,0.0,,,,,,
2023-04-05 04:12:00,17068.0,13.64,24.93,,,,,,,,,,,,,,,,,,,,,,,,,23.97,,,,,,0.0,0.0,,,,,,
2023-04-05 04:13:00,17069.0,13.61,24.94,,,,,,,,,,,,,,,,,,,,,,,,,23.99,,,,,,0.0,0.0,,,,,,
2023-04-05 04:14:00,17070.0,13.61,24.95,,,,,,,,,,,,,,,,,,,,,,,,,24.01,,,,,,0.0,0.0,,,,,,
2023-04-05 04:15:00,17071.0,13.59,24.94,,,,,,,,,,,,,,,,,,,,,,,,,23.99,,,,,,0.0,0.0,,,,,,
2023-04-05 04:16:00,17072.0,13.59,24.94,,,,,,,,,,,,,,,,,,,,,,,,,23.96,,,,,,0.0,0.0,,,,,,
2023-04-05 04:17:00,17073.0,13.55,24.94,,,,,,,,,,,,,,,,,,,,,,,,,23.95,,,,,,0.0,0.0,,,,,,
2023-04-05 04:18:00,17074.0,13.59,24.95,,,,,,,,,,,,,,,,,,,,,,,,,23.98,,,,,,0.0,0.0,,,,,,
2023-04-05 04:19:00,17075.0,13.57,24.94,,,,,,,,,,,,,,,,,,,,,,,,,23.93,,,,,,0.0,0.0,,,,,,
2023-04-05 04:20:00,17076.0,13.61,24.95,,,,,,,,,,,,,,,,,,,,,,,,,23.98,,,,,,0.0,0.0,,,,,,
2023-04-05 04:21:00,17077.0,13.62,24.95,,,,,,,,,,,,,,,,,,,,,,,,,23.95,,,,,,0.0,0.0,,,,,,
2023-04-05 04:22:00,17078.0,13.58,24.96,,,,,,,,,,,,,,,,,,,,,,,,,23.98,,,,,,0.0,0.0,,,,,,
2023-04-05 04:23:00,17079.0,13.59,24.94,,,,,,,,,,,,,,,,,,,,,,,,,23.98,,,,,,0.0,0.0,,,,,,
2023-04-05 04:24:00,17080.0,13.58,24.96,,,,,,,,,,,,,,,,,,,,,,,,,24.0,,,,,,0.0,0.0,,,,,,
2023-04-05 04:25:00,17081.0,13.61,24.97,,,,,,,,,,,,,,,,,,,,,,,,,23.99,,,,,,0.0,0.0,,,,,,
2023-04-05 04:26:00,17082.0,13.6,24.95,,,,,,,,,,,,,,,,,,,,,,,,,24.0,,,,,,0.0,0.0,,,,,,
2023-04-05 04:27:00,17083.0,13.62,24.96,,,,,,,,,,,,,,,,,,,,,,,,,23.97,,,,,,0.0,0.0,,,,,,
2023-04-05 04:29:00,17085.0,13.61,24.96,,,,,,,,,,,,,,,,,,,,,,,,,23.93,,,,,,0.0,0.0,,,,,,
2023-04-05 04:30:00,17086.0,13.61,24.96,,,,,,,,,,,,,,,,,,,,,,,,,23.96,,,,,,0.0,0.0,,,,,,
2023-04-05 04:31:00,17087.0,13.61,24.96,,,,,,,,,,,,,,,,,,,,,,,,,23.95,,,,,,0.0,0.0,,,,,,
2023-04-05 04:32:00,17088.0,13.61,24.97,,,,,,,,,,,,,,,,,,,,,,,,,23.96,,,,,,0.0,0.0,,,,,,
2023-04-05 04:33:00,17089.0,13.62,24.96,,,,,,,,,,,,,,,,,,,,,,,,,23.95,,,,,,0.0,0.0,,,,,,
2023-04-05 04:34:00,17090.0,13.57,24.98,,,,,,,,,,,,,,,,,,,,,,,,,23.94,,,,,,0.0,0.0,,,,,,
2023-04-05 04:35:00,17091.0,13.59,24.97,,,,,,,,,,,,,,,,,,,,,,,,,23.99,,,,,,0.0,0.0,,,,,,
2023-04-05 04:36:00,17092.0,13.58,24.99,,,,,,,,,,,,,,,,,,,,,,,,,24.01,,,,,,0.0,0.0,,,,,,
2023-04-05 04:37:00,17093.0,13.6,24.98,,,,,,,,,,,,,,,,,,,,,,,,,23.96,,,,,,0.0,0.0,,,,,,
2023-04-05 04:38:00,17094.0,13.6,24.97,,,,,,,,,,,,,,,,,,,,,,,,,23.98,,,,,,0.0,0.0,,,,,,
2023-04-05 04:39:00,17095.0,13.61,24.98,,,,,,,,,,,,,,,,,,,,,,,,,23.99,,,,,,0.0,0.0,,,,,,
2023-04-05 04:40:00,17096.0,13.62,24.98,,,,,,,,,,,,,,,,,,,,,,,,,23.97,,,,,,0.0,0.0,,,,,,
2023-04-05 04:41:00,17097.0,13.61,24.97,,,,,,,,,,,,,,,,,,,,,,,,,23.97,,,,,,0.0,0.0,,,,,,
2023-04-05 04:42:00,17098.0,13.56,24.98,,,,,,,,,,,,,,,,,,,,,,,,,24.01,,,,,,0.0,0.0,,,,,,
2023-04-05 04:43:00,17099.0,13.62,24.98,,,,,,,,,,,,,,,,,,,,,,,,,24.0,,,,,,0.0,0.0,,,,,,
2023-04-05 04:44:00,17100.0,13.55,24.97,,,,,,,,,,,,,,,,,,,,,,,,,23.96,,,,,,0.0,0.0,,,,,,
2023-04-05 04:45:00,17101.0,13.58,24.99,,,,,,,,,,,,,,,,,,,,,,,,,23.99,,,,,,0.0,0.0,,,,,,
2023-04-05 04:46:00,17102.0,13.61,24.99,,,,,,,,,,,,,,,,,,,,,,,,,24.0,,,,,,0.0,0.0,,,,,,
2023-04-05 04:47:00,17103.0,13.58,24.98,,,,,,,,,,,,,,,,,,,,,,,,,23.99,,,,,,0.0,0.0,,,,,,
2023-04-05 04:48:00,17104.0,13.6,25.0,,,,,,,,,,,,,,,,,,,,,,,,,24.02,,,,,,0.0,0.0,,,,,,
2023-04-05 04:49:00,17105.0,13.62,25.0,,,,,,,,,,,,,,,,,,,,,,,,,24.05,,,,,,0.0,0.0,,,,,,
2023-04-05 04:50:00,17106.0,13.62,25.0,,,,,,,,,,,,,,,,,,,,,,,,,23.99,,,,,,0.0,0.0,,,,,,
2023-04-05 04:51:00,17107.0,13.62,24.99,,,,,,,,,,,,,,,,,,,,,,,,,23.98,,,,,,0.0,0.0,,,,,,
2023-04-05 04:52:00,17108.0,13.61,24.99,,,,,,,,,,,,,,,,,,,,,,,,,23.98,,,,,,0.0,0.0,,,,,,
2023-04-05 04:53:00,17109.0,13.59,25.0,,,,,,,,,,,,,,,,,,,,,,,,,24.0,,,,,,0.0,0.0,,,,,,
2023-04-05 04:54:00,17110.0,13.59,25.02,,,,,,,,,,,,,,,,,,,,,,,,,24.02,,,,,,0.0,0.0,,,,,,
2023-04-05 04:55:00,17111.0,13.61,24.99,,,,,,,,,,,,,,,,,,,,,,,,,24.0,,,,,,0.0,0.0,,,,,,
2023-04-05 04:56:00,17112.0,13.62,25.01,,,,,,,,,,,,,,,,,,,,,,,,,23.98,,,,,,0.0,0.0,,,,,,
2023-04-05 04:57:00,17113.0,13.59,25.01,,,,,,,,,,,,,,,,,,,,,,,,,24.03,,,,,,0.0,0.0,,,,,,
2023-04-05 04:58:00,17114.0,13.54,25.0,,,,,,,,,,,,,,,,,,,,,,,,,24.0,,,,,,0.0,0.0,,,,,,
2023-04-05 04:59:00,17115.0,13.61,25.01,,,,,,,,,,,,,,,,,,,,,,,,,23.99,,,,,,0.0,0.0,,,,,,
2023-04-05 05:00:00,17116.0,13.6,25.0,,,,,,,,,,,,,,,,,,,,,,,,,23.99,,,,,,0.0,0.0,,,,,,
2023-04-05 05:01:00,17117.0,13.62,25.01,,,,,,,,,,,,,,,,,,,,,,,,,24.03,,,,,,0.0,0.0,,,,,,
2023-04-05 05:03:00,17119.0,13.58,25.01,,,,,,,,,,,,,,,,,,,,,,,,,23.98,,,,,,0.0,0.0,,,,,,
2023-04-05 05:04:00,17120.0,13.58,25.01,,,,,,,,,,,,,,,,,,,,,,,,,23.99,,,,,,0.0,0.0,,,,,,
2023-04-05 05:05:00,17121.0,13.62,25.01,,,,,,,,,,,,,,,,,,,,,,,,,24.0,,,,,,0.0,0.0,,,,,,
2023-04-05 05:06:00,17122.0,13.55,25.01,,,,,,,,,,,,,,,,,,,,,,,,,24.0,,,,,,0.0,0.0,,,,,,
2023-04-05 05:07:00,17123.0,13.61,25.01,,,,,,,,,,,,,,,,,,,,,,,,,24.04,,,,,,0.0,0.0,,,,,,
2023-04-05 05:08:00,17124.0,13.61,25.02,,,,,,,,,,,,,,,,,,,,,,,,,24.05,,,,,,0.0,0.0,,,,,,
2023-04-05 05:09:00,17125.0,13.59,25.02,,,,,,,,,,,,,,,,,,,,,,,,,24.01,,,,,,0.0,0.0,,,,,,
2023-04-05 05:10:00,17126.0,13.55,25.02,,,,,,,,,,,,,,,,,,,,,,,,,24.0,,,,,,0.0,0.0,,,,,,
2023-04-05 05:11:00,17127.0,13.6,25.02,,,,,,,,,,,,,,,,,,,,,,,,,24.02,,,,,,0.0,0.0,,,,,,
2023-04-05 05:12:00,17128.0,13.62,25.03,,,,,,,,,,,,,,,,,,,,,,,,,24.04,,,,,,0.0,0.0,,,,,,
2023-04-05 05:13:00,17129.0,13.62,25.02,,,,,,,,,,,,,,,,,,,,,,,,,24.02,,,,,,0.0,0.0,,,,,,
2023-04-05 05:14:00,17130.0,13.61,25.02,,,,,,,,,,,,,,,,,,,,,,,,,23.98,,,,,,0.0,0.0,,,,,,
2023-04-05 05:15:00,17131.0,13.57,25.02,,,,,,,,,,,,,,,,,,,,,,,,,23.97,,,,,,0.0,0.0,,,,,,
2023-04-05 05:16:00,17132.0,13.62,25.02,,,,,,,,,,,,,,,,,,,,,,,,,24.02,,,,,,0.0,0.0,,,,,,
2023-04-05 05:17:00,17133.0,13.59,25.02,,,,,,,,,,,,,,,,,,,,,,,,,24.02,,,,,,0.0,0.0,,,,,,
2023-04-05 05:18:00,17134.0,13.62,25.01,,,,,,,,,,,,,,,,,,,,,,,,,23.97,,,,,,0.0,0.0,,,,,,
2023-04-05 05:19:00,17135.0,13.58,25.02,,,,,,,,,,,,,,,,,,,,,,,,,23.99,,,,,,0.0,0.0,,,,,,
2023-04-05 05:20:00,17136.0,13.59,25.02,,,,,,,,,,,,,,,,,,,,,,,,,24.0,,,,,,0.0,0.0,,,,,,
2023-04-05 05:21:00,17137.0,13.62,25.02,,,,,,,,,,,,,,,,,,,,,,,,,23.97,,,,,,0.0,0.0,,,,,,
2023-04-05 05:22:00,17138.0,13.59,25.02,,,,,,,,,,,,,,,,,,,,,,,,,23.96,,,,,,0.0,0.0,,,,,,
2023-04-05 05:23:00,17139.0,13.61,25.02,,,,,,,,,,,,,,,,,,,,,,,,,23.95,,,,,,0.0,0.0,,,,,,
2023-04-05 05:24:00,17140.0,13.61,25.03,,,,,,,,,,,,,,,,,,,,,,,,,24.05,,,,,,0.0,0.0,,,,,,
2023-04-05 05:25:00,17141.0,13.61,25.03,,,,,,,,,,,,,,,,,,,,,,,,,24.01,,,,,,0.0,0.0,,,,,,
2023-04-05 05:26:00,17142.0,13.62,25.02,,,,,,,,,,,,,,,,,,,,,,,,,24.02,,,,,,0.0,0.0,,,,,,
2023-04-05 05:27:00,17143.0,13.62,25.02,,,,,,,,,,,,,,,,,,,,,,,,,23.98,,,,,,0.0,0.0,,,,,,
2023-04-05 05:28:00,17144.0,13.59,25.01,,,,,,,,,,,,,,,,,,,,,,,,,23.96,,,,,,0.0,0.0,,,,,,
2023-04-05 05:29:00,17145.0,13.58,25.01,,,,,,,,,,,,,,,,,,,,,,,,,23.99,,,,,,0.0,0.0,,,,,,
2023-04-05 05:30:00,17146.0,13.57,25.02,,,,,,,,,,,,,,,,,,,,,,,,,23.99,,,,,,0.0,0.0,,,,,,
2023-04-05 05:31:00,17147.0,13.61,25.01,,,,,,,,,,,,,,,,,,,,,,,,,23.98,,,,,,0.0,0.0,,,,,,
2023-04-05 05:32:00,17148.0,13.6,25.02,,,,,,,,,,,,,,,,,,,,,,,,,23.94,,,,,,0.0,0.0,,,,,,
2023-04-05 05:33:00,17149.0,13.57,25.0,,,,,,,,,,,,,,,,,,,,,,,,,23.94,,,,,,0.0,0.0,,,,,,
2023-04-05 05:34:00,17150.0,13.63,25.0,,,,,,,,,,,,,,,,,,,,,,,,,23.93,,,,,,0.0,0.0,,,,,,
2023-04-05 05:35:00,17151.0,13.61,25.0,,,,,,,,,,,,,,,,,,,,,,,,,23.93,,,,,,0.0,0.0,,,,,,
2023-04-05 05:36:00,17152.0,13.59,25.01,,,,,,,,,,,,,,,,,,,,,,,,,23.98,,,,,,0.0,0.0,,,,,,
2023-04-05 05:37:00,17153.0,13.62,25.0,,,,,,,,,,,,,,,,,,,,,,,,,24.0,,,,,,0.0,0.0,,,,,,
2023-04-05 05:38:00,17154.0,13.59,24.99,,,,,,,,,,,,,,,,,,,,,,,,,24.02,,,,,,0.0,0.0,,,,,,
2023-04-05 05:39:00,17155.0,13.59,24.99,,,,,,,,,,,,,,,,,,,,,,,,,23.96,,,,,,0.0,0.0,,,,,,
2023-04-05 05:40:00,17156.0,13.66,24.98,,,,,,,,,,,,,,,,,,,,,,,,,23.89,,,,,,0.0,0.0,,,,,,
2023-04-05 05:41:00,17157.0,13.61,24.99,,,,,,,,,,,,,,,,,,,,,,,,,23.89,,,,,,0.0,0.0,,,,,,
2023-04-05 05:42:00,17158.0,13.58,24.98,,,,,,,,,,,,,,,,,,,,,,,,,23.9,,,,,,0.0,0.0,,,,,,
2023-04-05 05:43:00,17159.0,13.61,24.98,,,,,,,,,,,,,,,,,,,,,,,,,23.96,,,,,,0.0,0.0,,,,,,
2023-04-05 05:44:00,17160.0,13.64,24.97,,,,,,,,,,,,,,,,,,,,,,,,,24.02,,,,,,0.0,0.0,,,,,,
2023-04-05 05:45:00,17161.0,13.59,24.97,,,,,,,,,,,,,,,,,,,,,,,,,23.95,,,,,,0.0,0.0,,,,,,
2023-04-05 05:46:00,17162.0,13.58,24.97,,,,,,,,,,,,,,,,,,,,,,,,,23.91,,,,,,0.0,0.0,,,,,,
2023-04-05 05:47:00,17163.0,13.62,24.96,,,,,,,,,,,,,,,,,,,,,,,,,23.89,,,,,,0.0,0.0,,,,,,
2023-04-05 05:48:00,17164.0,13.62,24.96,,,,,,,,,,,,,,,,,,,,,,,,,23.93,,,,,,0.0,0.0,,,,,,
2023-04-05 05:49:00,17165.0,13.6,24.95,,,,,,,,,,,,,,,,,,,,,,,,,23.87,,,,,,0.0,0.0,,,,,,
2023-04-05 05:50:00,17166.0,13.65,24.95,,,,,,,,,,,,,,,,,,,,,,,,,23.88,,,,,,0.0,0.0,,,,,,
2023-04-05 05:51:00,17167.0,13.61,24.94,,,,,,,,,,,,,,,,,,,,,,,,,23.89,,,,,,0.0,0.0,,,,,,
2023-04-05 05:52:00,17168.0,13.61,24.93,,,,,,,,,,,,,,,,,,,,,,,,,23.92,,,,,,0.0,0.0,,,,,,
2023-04-05 05:53:00,17169.0,13.59,24.92,,,,,,,,,,,,,,,,,,,,,,,,,23.87,,,,,,0.0,0.0,,,,,,
2023-04-05 05:54:00,17170.0,13.62,24.92,,,,,,,,,,,,,,,,,,,,,,,,,23.82,,,,,,0.0,0.0,,,,,,
2023-04-05 05:55:00,17171.0,13.61,24.91,,,,,,,,,,,,,,,,,,,,,,,,,23.83,,,,,,0.0,0.0,,,,,,
2023-04-05 05:56:00,17172.0,13.59,24.89,,,,,,,,,,,,,,,,,,,,,,,,,23.81,,,,,,0.0,0.0,,,,,,
2023-04-05 05:57:00,17173.0,13.6,24.89,,,,,,,,,,,,,,,,,,,,,,,,,23.81,,,,,,0.0,0.0,,,,,,
2023-04-05 05:58:00,17174.0,13.61,24.89,,,,,,,,,,,,,,,,,,,,,,,,,23.86,,,,,,0.0,0.0,,,,,,
2023-04-05 05:59:00,17175.0,13.61,24.88,,,,,,,,,,,,,,,,,,,,,,,,,23.88,,,,,,0.0,0.0,,,,,,
2023-04-05 06:00:00,17176.0,13.58,24.88,,,,,,,,,,,,,,,,,,,,,,,,,23.86,,,,,,0.0,0.0,,,,,,
2023-04-05 06:01:00,17177.0,13.61,24.89,,,,,,,,,,,,,,,,,,,,,,,,,23.87,,,,,,0.0,0.0,,,,,,
2023-04-05 06:02:00,17178.0,13.66,24.87,,,,,,,,,,,,,,,,,,,,,,,,,23.9,,,,,,0.0,0.0,,,,,,
2023-04-05 06:03:00,17179.0,13.61,24.87,,,,,,,,,,,,,,,,,,,,,,,,,23.9,,,,,,0.0,0.0,,,,,,
2023-04-05 06:04:00,17180.0,13.6,24.87,,,,,,,,,,,,,,,,,,,,,,,,,23.8,,,,,,0.0,0.0,,,,,,
2023-04-05 06:05:00,17181.0,13.62,24.86,,,,,,,,,,,,,,,,,,,,,,,,,23.86,,,,,,0.0,0.0,,,,,,
2023-04-05 06:06:00,17182.0,13.59,24.84,,,,,,,,,,,,,,,,,,,,,,,,,23.85,,,,,,0.0,0.0,,,,,,
2023-04-05 06:07:00,17183.0,13.6,24.85,,,,,,,,,,,,,,,,,,,,,,,,,23.81,,,,,,0.0,0.0,,,,,,
2023-04-05 06:08:00,17184.0,13.61,24.84,,,,,,,,,,,,,,,,,,,,,,,,,23.79,,,,,,0.0,0.0,,,,,,
2023-04-05 06:09:00,17185.0,13.59,24.83,,,,,,,,,,,,,,,,,,,,,,,,,23.78,,,,,,0.0,0.0,,,,,,
2023-04-05 06:10:00,17186.0,13.58,24.82,,,,,,,,,,,,,,,,,,,,,,,,,23.78,,,,,,0.0,0.0,,,,,,
2023-04-05 06:11:00,17187.0,13.59,24.82,,,,,,,,,,,,,,,,,,,,,,,,,23.8,,,,,,0.0,0.0,,,,,,
2023-04-05 06:12:00,17188.0,13.61,24.81,,,,,,,,,,,,,,,,,,,,,,,,,23.83,,,,,,0.0,0.0,,,,,,
2023-04-05 06:13:00,17189.0,13.63,24.81,,,,,,,,,,,,,,,,,,,,,,,,,23.83,,,,,,0.0,0.0,,,,,,
2023-04-05 06:14:00,17190.0,13.64,24.78,,,,,,,,,,,,,,,,,,,,,,,,,23.77,,,,,,0.0,0.0,,,,,,
2023-04-05 06:15:00,17191.0,13.6,24.79,,,,,,,,,,,,,,,,,,,,,,,,,23.75,,,,,,0.0,0.0,,,,,,
2023-04-05 06:16:00,17192.0,13.6,24.77,,,,,,,,,,,,,,,,,,,,,,,,,23.69,,,,,,0.0,0.0,,,,,,
2023-04-05 06:17:00,17193.0,13.61,24.77,,,,,,,,,,,,,,,,,,,,,,,,,23.77,,,,,,0.0,0.0,,,,,,
2023-04-05 06:18:00,17194.0,13.59,24.78,,,,,,,,,,,,,,,,,,,,,,,,,23.76,,,,,,0.0,0.0,,,,,,
2023-04-05 06:19:00,17195.0,13.59,24.77,,,,,,,,,,,,,,,,,,,,,,,,,23.74,,,,,,0.0,0.0,,,,,,
2023-04-05 06:20:00,17196.0,13.61,24.76,,,,,,,,,,,,,,,,,,,,,,,,,23.73,,,,,,0.0,0.0,,,,,,
2023-04-05 06:21:00,17197.0,13.57,24.76,,,,,,,,,,,,,,,,,,,,,,,,,23.77,,,,,,0.0,0.0,,,,,,
2023-04-05 06:22:00,17198.0,13.57,24.75,,,,,,,,,,,,,,,,,,,,,,,,,23.71,,,,,,0.0,0.0,,,,,,
2023-04-05 06:23:00,17199.0,13.58,24.73,,,,,,,,,,,,,,,,,,,,,,,,,23.7,,,,,,0.0,0.0,,,,,,
2023-04-05 06:24:00,17200.0,13.62,24.73,,,,,,,,,,,,,,,,,,,,,,,,,23.72,,,,,,0.0,0.0,,,,,,
2023-04-05 06:25:00,17201.0,13.59,24.73,,,,,,,,,,,,,,,,,,,,,,,,,23.68,,,,,,0.0,0.0,,,,,,
2023-04-05 06:26:00,17202.0,13.56,24.72,,,,,,,,,,,,,,,,,,,,,,,,,23.72,,,,,,0.0,0.0,,,,,,
2023-04-05 06:27:00,17203.0,13.62,24.73,,,,,,,,,,,,,,,,,,,,,,,,,23.74,,,,,,0.0,0.0,,,,,,
2023-04-05 06:28:00,17204.0,13.58,24.7,,,,,,,,,,,,,,,,,,,,,,,,,23.68,,,,,,0.0,0.0,,,,,,
2023-04-05 06:29:00,17205.0,13.61,24.71,,,,,,,,,,,,,,,,,,,,,,,,,23.67,,,,,,0.0,0.0,,,,,,
2023-04-05 06:30:00,17206.0,13.6,24.72,,,,,,,,,,,,,,,,,,,,,,,,,23.66,,,,,,0.0,0.0,,,,,,
2023-04-05 06:31:00,17207.0,13.61,24.69,,,,,,,,,,,,,,,,,,,,,,,,,23.71,,,,,,0.0,0.0,,,,,,
2023-04-05 06:32:00,17208.0,13.61,24.7,,,,,,,,,,,,,,,,,,,,,,,,,23.73,,,,,,0.0,0.0,,,,,,
2023-04-05 06:33:00,17209.0,13.58,24.68,,,,,,,,,,,,,,,,,,,,,,,,,23.69,,,,,,0.0,0.0,,,,,,
2023-04-05 06:34:00,17210.0,13.58,24.67,,,,,,,,,,,,,,,,,,,,,,,,,23.66,,,,,,0.0,0.0,,,,,,
2023-04-05 06:35:00,17211.0,13.57,24.67,,,,,,,,,,,,,,,,,,,,,,,,,23.66,,,,,,0.0,0.0,,,,,,
2023-04-05 06:36:00,17212.0,13.64,24.65,,,,,,,,,,,,,,,,,,,,,,,,,23.66,,,,,,0.0,0.0,,,,,,
2023-04-05 06:37:00,17213.0,13.62,24.66,,,,,,,,,,,,,,,,,,,,,,,,,23.6,,,,,,0.0,0.0,,,,,,
2023-04-05 06:38:00,17214.0,13.59,24.65,,,,,,,,,,,,,,,,,,,,,,,,,23.6,,,,,,0.0,0.0,,,,,,
2023-04-05 06:39:00,17215.0,13.63,24.64,,,,,,,,,,,,,,,,,,,,,,,,,23.66,,,,,,0.0,0.0,,,,,,
2023-04-05 06:40:00,17216.0,13.61,24.64,,,,,,,,,,,,,,,,,,,,,,,,,23.63,,,,,,0.0,0.0,,,,,,
2023-04-05 06:41:00,17217.0,13.61,24.63,,,,,,,,,,,,,,,,,,,,,,,,,23.61,,,,,,0.0,0.0,,,,,,
2023-04-05 06:42:00,17218.0,13.61,24.63,,,,,,,,,,,,,,,,,,,,,,,,,23.58,,,,,,0.0,0.0,,,,,,
2023-04-05 06:43:00,17219.0,13.61,24.62,,,,,,,,,,,,,,,,,,,,,,,,,23.6,,,,,,0.0,0.0,,,,,,
2023-04-05 06:44:00,17220.0,13.64,24.61,,,,,,,,,,,,,,,,,,,,,,,,,23.56,,,,,,0.0,0.0,,,,,,
2023-04-05 06:45:00,17221.0,13.64,24.62,,,,,,,,,,,,,,,,,,,,,,,,,23.59,,,,,,0.0,0.0,,,,,,
2023-04-05 06:46:00,17222.0,13.66,24.6,,,,,,,,,,,,,,,,,,,,,,,,,23.55,,,,,,0.0,0.0,,,,,,
2023-04-05 06:47:00,17223.0,13.62,24.6,,,,,,,,,,,,,,,,,,,,,,,,,23.62,,,,,,0.0,0.0,,,,,,
2023-04-05 06:48:00,17224.0,13.64,24.59,,,,,,,,,,,,,,,,,,,,,,,,,23.59,,,,,,0.0,0.0,,,,,,
2023-04-05 06:49:00,17225.0,13.62,24.59,,,,,,,,,,,,,,,,,,,,,,,,,23.62,,,,,,0.0,0.0,,,,,,
2023-04-05 06:50:00,17226.0,13.62,24.58,,,,,,,,,,,,,,,,,,,,,,,,,23.55,,,,,,0.0,0.0,,,,,,
2023-04-05 06:51:00,17227.0,13.58,24.58,,,,,,,,,,,,,,,,,,,,,,,,,23.58,,,,,,0.0,0.0,,,,,,
2023-04-05 06:52:00,17228.0,13.61,24.58,,,,,,,,,,,,,,,,,,,,,,,,,23.59,,,,,,0.0,0.0,,,,,,
2023-04-05 06:53:00,17229.0,13.59,24.57,,,,,,,,,,,,,,,,,,,,,,,,,23.64,,,,,,0.0,0.0,,,,,,
2023-04-05 06:54:00,17230.0,13.64,24.57,,,,,,,,,,,,,,,,,,,,,,,,,23.6,,,,,,0.0,0.0,,,,,,
2023-04-05 06:55:00,17231.0,13.61,24.58,,,,,,,,,,,,,,,,,,,,,,,,,23.63,,,,,,0.0,0.0,,,,,,
2023-04-05 06:56:00,17232.0,13.61,24.56,,,,,,,,,,,,,,,,,,,,,,,,,23.6,,,,,,0.0,0.0,,,,,,
2023-04-05 06:57:00,17233.0,13.62,24.55,,,,,,,,,,,,,,,,,,,,,,,,,23.52,,,,,,0.0,0.0,,,,,,
2023-04-05 06:58:00,17234.0,13.61,24.56,,,,,,,,,,,,,,,,,,,,,,,,,23.55,,,,,,0.0,0.0,,,,,,
2023-04-05 06:59:00,17235.0,13.62,24.55,,,,,,,,,,,,,,,,,,,,,,,,,23.57,,,,,,0.0,0.0,,,,,,
2023-04-05 07:00:00,17236.0,13.61,24.57,,,,,,,,,,,,,,,,,,,,,,,,,23.55,,,,,,0.0,0.0,,,,,,
2023-04-05 07:01:00,17237.0,13.59,24.56,,,,,,,,,,,,,,,,,,,,,,,,,23.62,,,,,,0.0,0.0,,,,,,
2023-04-05 07:02:00,17238.0,13.62,24.54,,,,,,,,,,,,,,,,,,,,,,,,,23.54,,,,,,0.0,0.0,,,,,,
2023-04-05 07:03:00,17239.0,13.59,24.54,,,,,,,,,,,,,,,,,,,,,,,,,23.63,,,,,,0.0,0.0,,,,,,
2023-04-05 07:04:00,17240.0,13.62,24.54,,,,,,,,,,,,,,,,,,,,,,,,,23.6,,,,,,0.0,0.0,,,,,,
2023-04-05 07:05:00,17241.0,13.62,24.55,,,,,,,,,,,,,,,,,,,,,,,,,23.63,,,,,,0.0,0.0,,,,,,
2023-04-05 07:06:00,17242.0,13.61,24.54,,,,,,,,,,,,,,,,,,,,,,,,,23.58,,,,,,0.0,0.0,,,,,,
2023-04-05 07:07:00,17243.0,13.61,24.52,,,,,,,,,,,,,,,,,,,,,,,,,23.52,,,,,,0.0,0.0,,,,,,
2023-04-05 07:08:00,17244.0,13.65,24.54,,,,,,,,,,,,,,,,,,,,,,,,,23.56,,,,,,0.0,0.0,,,,,,
2023-04-05 07:09:00,17245.0,13.63,24.53,,,,,,,,,,,,,,,,,,,,,,,,,23.61,,,,,,0.0,0.0,,,,,,
2023-04-05 07:10:00,17246.0,13.61,24.53,,,,,,,,,,,,,,,,,,,,,,,,,23.55,,,,,,0.0,0.0,,,,,,
2023-04-05 07:11:00,17247.0,13.61,24.53,,,,,,,,,,,,,,,,,,,,,,,,,23.62,,,,,,0.0,0.0,,,,,,
2023-04-05 07:12:00,17248.0,13.59,24.54,,,,,,,,,,,,,,,,,,,,,,,,,23.59,,,,,,0.0,0.0,,,,,,
2023-04-05 07:13:00,17249.0,13.61,24.54,,,,,,,,,,,,,,,,,,,,,,,,,23.58,,,,,,0.0,0.0,,,,,,
2023-04-05 07:14:00,17250.0,13.6,24.54,,,,,,,,,,,,,,,,,,,,,,,,,23.63,,,,,,0.0,0.0,,,,,,
2023-04-05 07:15:00,17251.0,13.59,24.54,,,,,,,,,,,,,,,,,,,,,,,,,23.64,,,,,,0.0,0.0,,,,,,
2023-04-05 07:16:00,17252.0,13.62,24.55,,,,,,,,,,,,,,,,,,,,,,,,,23.6,,,,,,0.0,0.0,,,,,,
2023-04-05 07:17:00,17253.0,13.59,24.55,,,,,,,,,,,,,,,,,,,,,,,,,23.57,,,,,,0.0,0.0,,,,,,
2023-04-05 07:18:00,17254.0,13.61,24.55,,,,,,,,,,,,,,,,,,,,,,,,,23.56,,,,,,0.0,0.0,,,,,,
2023-04-05 07:19:00,17255.0,13.62,24.54,,,,,,,,,,,,,,,,,,,,,,,,,23.63,,,,,,0.0,0.0,,,,,,
2023-04-05 07:20:00,17256.0,13.64,24.55,,,,,,,,,,,,,,,,,,,,,,,,,23.69,,,,,,0.0,0.0,,,,,,
2023-04-05 07:21:00,17257.0,13.62,24.55,,,,,,,,,,,,,,,,,,,,,,,,,23.63,,,,,,0.0,0.0,,,,,,
2023-04-05 07:22:00,17258.0,13.58,24.55,,,,,,,,,,,,,,,,,,,,,,,,,23.63,,,,,,0.0,0.0,,,,,,
2023-04-05 07:23:00,17259.0,13.61,24.54,,,,,,,,,,,,,,,,,,,,,,,,,23.62,,,,,,0.0,0.0,,,,,,
2023-04-05 07:25:00,17261.0,13.61,24.54,,,,,,,,,,,,,,,,,,,,,,,,,23.62,,,,,,0.0,0.0,,,,,,
2023-04-05 07:27:00,17263.0,13.64,24.54,,,,,,,,,,,,,,,,,,,,,,,,,23.75,,,,,,0.0,0.0,,,,,,
2023-04-05 07:28:00,17264.0,13.65,24.55,,,,,,,,,,,,,,,,,,,,,,,,,23.75,,,,,,0.0,0.0,,,,,,
2023-04-05 07:29:00,17265.0,13.63,24.54,,,,,,,,,,,,,,,,,,,,,,,,,23.74,,,,,,0.0,0.0,,,,,,
2023-04-05 07:30:00,17266.0,13.63,24.55,,,,,,,,,,,,,,,,,,,,,,,,,23.68,,,,,,0.0,0.0,,,,,,
2023-04-05 07:31:00,17267.0,13.63,24.54,,,,,,,,,,,,,,,,,,,,,,,,,23.65,,,,,,0.0,0.0,,,,,,
2023-04-05 07:32:00,17268.0,13.61,24.55,,,,,,,,,,,,,,,,,,,,,,,,,23.66,,,,,,0.0,0.0,,,,,,
2023-04-05 07:33:00,17269.0,13.61,24.54,,,,,,,,,,,,,,,,,,,,,,,,,23.63,,,,,,0.0,0.0,,,,,,
2023-04-05 07:34:00,17270.0,13.61,24.54,,,,,,,,,,,,,,,,,,,,,,,,,23.72,,,,,,0.0,0.0,,,,,,
2023-04-05 07:35:00,17271.0,13.59,24.53,,,,,,,,,,,,,,,,,,,,,,,,,23.76,,,,,,0.0,0.0,,,,,,
2023-04-05 07:36:00,17272.0,13.63,24.53,,,,,,,,,,,,,,,,,,,,,,,,,23.73,,,,,,0.0,0.0,,,,,,
2023-04-05 07:37:00,17273.0,13.62,24.54,,,,,,,,,,,,,,,,,,,,,,,,,23.73,,,,,,0.0,0.0,,,,,,
2023-04-05 07:38:00,17274.0,13.62,24.53,,,,,,,,,,,,,,,,,,,,,,,,,23.73,,,,,,0.0,0.0,,,,,,
2023-04-05 07:39:00,17275.0,13.61,24.53,,,,,,,,,,,,,,,,,,,,,,,,,23.81,,,,,,0.0,0.0,,,,,,
2023-04-05 07:40:00,17276.0,13.64,24.56,,,,,,,,,,,,,,,,,,,,,,,,,23.83,,,,,,0.0,0.0,,,,,,
2023-04-05 07:41:00,17277.0,13.61,24.55,,,,,,,,,,,,,,,,,,,,,,,,,23.84,,,,,,0.0,0.0,,,,,,
2023-04-05 07:42:00,17278.0,13.66,24.56,,,,,,,,,,,,,,,,,,,,,,,,,23.87,,,,,,0.0,0.0,,,,,,
2023-04-05 07:43:00,17279.0,13.6,24.58,,,,,,,,,,,,,,,,,,,,,,,,,23.88,,,,,,0.0,0.0,,,,,,
2023-04-05 07:44:00,17280.0,13.59,24.59,,,,,,,,,,,,,,,,,,,,,,,,,23.86,,,,,,0.0,0.0,,,,,,
2023-04-05 07:45:00,17281.0,13.58,24.6,,,,,,,,,,,,,,,,,,,,,,,,,23.91,,,,,,0.0,0.0,,,,,,
2023-04-05 07:46:00,17282.0,13.62,24.61,,,,,,,,,,,,,,,,,,,,,,,,,23.89,,,,,,0.0,0.0,,,,,,
2023-04-05 07:47:00,17283.0,13.59,24.62,,,,,,,,,,,,,,,,,,,,,,,,,23.96,,,,,,0.0,0.0,,,,,,
2023-04-05 07:48:00,17284.0,13.62,24.63,,,,,,,,,,,,,,,,,,,,,,,,,23.85,,,,,,0.0,0.0,,,,,,
2023-04-05 07:49:00,17285.0,13.61,24.64,,,,,,,,,,,,,,,,,,,,,,,,,23.89,,,,,,0.0,0.0,,,,,,
2023-04-05 07:50:00,17286.0,13.58,24.64,,,,,,,,,,,,,,,,,,,,,,,,,24.0,,,,,,0.0,0.0,,,,,,
2023-04-05 07:51:00,17287.0,13.59,24.66,,,,,,,,,,,,,,,,,,,,,,,,,24.05,,,,,,0.0,0.0,,,,,,
2023-04-05 07:52:00,17288.0,13.61,24.67,,,,,,,,,,,,,,,,,,,,,,,,,24.07,,,,,,0.0,0.0,,,,,,
2023-04-05 07:53:00,17289.0,13.61,24.67,,,,,,,,,,,,,,,,,,,,,,,,,24.14,,,,,,0.0,0.0,,,,,,
2023-04-05 07:54:00,17290.0,13.65,24.69,,,,,,,,,,,,,,,,,,,,,,,,,24.24,,,,,,0.0,0.0,,,,,,
2023-04-05 07:55:00,17291.0,13.59,24.7,,,,,,,,,,,,,,,,,,,,,,,,,24.27,,,,,,0.0,0.0,,,,,,
2023-04-05 07:56:00,17292.0,13.57,24.72,,,,,,,,,,,,,,,,,,,,,,,,,24.31,,,,,,0.0,0.0,,,,,,
2023-04-05 07:57:00,17293.0,13.62,24.74,,,,,,,,,,,,,,,,,,,,,,,,,24.33,,,,,,0.0,0.0,,,,,,
2023-04-05 07:58:00,17294.0,13.56,24.76,,,,,,,,,,,,,,,,,,,,,,,,,24.3,,,,,,0.0,0.0,,,,,,
2023-04-05 07:59:00,17295.0,13.61,24.77,,,,,,,,,,,,,,,,,,,,,,,,,24.38,,,,,,0.0,0.0,,,,,,
2023-04-05 08:00:00,17296.0,13.61,24.79,,,,,,,,,,,,,,,,,,,,,,,,,24.25,,,,,,0.0,0.0,,,,,,
2023-04-05 08:01:00,17297.0,13.61,24.81,,,,,,,,,,,,,,,,,,,,,,,,,24.34,,,,,,0.0,0.0,,,,,,
2023-04-05 08:02:00,17298.0,13.62,24.84,,,,,,,,,,,,,,,,,,,,,,,,,24.25,,,,,,0.0,0.0,,,,,,
2023-04-05 08:03:00,17299.0,13.62,24.87,,,,,,,,,,,,,,,,,,,,,,,,,24.22,,,,,,0.0,0.0,,,,,,
2023-04-05 08:04:00,17300.0,13.62,24.89,,,,,,,,,,,,,,,,,,,,,,,,,24.24,,,,,,0.0,0.0,,,,,,
2023-04-05 08:05:00,17301.0,13.62,24.92,,,,,,,,,,,,,,,,,,,,,,,,,24.23,,,,,,0.0,0.0,,,,,,
2023-04-05 08:06:00,17302.0,13.59,24.94,,,,,,,,,,,,,,,,,,,,,,,,,24.32,,,,,,0.0,0.0,,,,,,
2023-04-05 08:07:00,17303.0,13.58,24.96,,,,,,,,,,,,,,,,,,,,,,,,,24.38,,,,,,0.0,0.0,,,,,,
2023-04-05 08:08:00,17304.0,13.62,24.98,,,,,,,,,,,,,,,,,,,,,,,,,24.53,,,,,,0.0,0.0,,,,,,
2023-04-05 08:09:00,17305.0,13.6,25.01,,,,,,,,,,,,,,,,,,,,,,,,,24.8,,,,,,0.0,0.0,,,,,,
2023-04-05 08:10:00,17306.0,13.61,25.02,,,,,,,,,,,,,,,,,,,,,,,,,24.93,,,,,,0.0,0.0,,,,,,
2023-04-05 08:11:00,17307.0,13.61,25.04,,,,,,,,,,,,,,,,,,,,,,,,,24.96,,,,,,0.0,0.0,,,,,,
2023-04-05 08:12:00,17308.0,13.59,25.05,,,,,,,,,,,,,,,,,,,,,,,,,24.82,,,,,,0.0,0.0,,,,,,
2023-04-05 08:13:00,17309.0,13.63,25.06,,,,,,,,,,,,,,,,,,,,,,,,,24.62,,,,,,0.0,0.0,,,,,,
2023-04-05 08:14:00,17310.0,13.61,25.06,,,,,,,,,,,,,,,,,,,,,,,,,24.47,,,,,,0.0,0.0,,,,,,
2023-04-05 08:15:00,17311.0,13.58,25.07,,,,,,,,,,,,,,,,,,,,,,,,,24.37,,,,,,0.0,0.0,,,,,,
2023-04-05 08:16:00,17312.0,13.58,25.08,,,,,,,,,,,,,,,,,,,,,,,,,24.33,,,,,,0.0,0.0,,,,,,
2023-04-05 08:17:00,17313.0,13.58,25.1,,,,,,,,,,,,,,,,,,,,,,,,,24.23,,,,,,0.0,0.0,,,,,,
2023-04-05 08:18:00,17314.0,13.6,25.12,,,,,,,,,,,,,,,,,,,,,,,,,24.21,,,,,,0.0,0.0,,,,,,
2023-04-05 08:19:00,17315.0,13.61,25.12,,,,,,,,,,,,,,,,,,,,,,,,,24.34,,,,,,0.0,0.0,,,,,,
2023-04-05 08:20:00,17316.0,13.59,25.12,,,,,,,,,,,,,,,,,,,,,,,,,24.33,,,,,,0.0,0.0,,,,,,
2023-04-05 08:21:00,17317.0,13.58,25.13,,,,,,,,,,,,,,,,,,,,,,,,,24.38,,,,,,0.0,0.0,,,,,,
2023-04-05 08:22:00,17318.0,13.61,25.13,,,,,,,,,,,,,,,,,,,,,,,,,24.41,,,,,,0.0,0.0,,,,,,
2023-04-05 08:23:00,17319.0,13.59,25.12,,,,,,,,,,,,,,,,,,,,,,,,,24.36,,,,,,0.0,0.0,,,,,,
2023-04-05 08:24:00,17320.0,13.61,25.13,,,,,,,,,,,,,,,,,,,,,,,,,24.3,,,,,,0.0,0.0,,,,,,
2023-04-05 08:25:00,17321.0,13.62,25.13,,,,,,,,,,,,,,,,,,,,,,,,,24.32,,,,,,0.0,0.0,,,,,,
2023-04-05 08:26:00,17322.0,13.58,25.13,,,,,,,,,,,,,,,,,,,,,,,,,24.37,,,,,,0.0,0.0,,,,,,
2023-04-05 08:27:00,17323.0,13.61,25.14,,,,,,,,,,,,,,,,,,,,,,,,,24.37,,,,,,0.0,0.0,,,,,,
2023-04-05 08:28:00,17324.0,13.61,25.12,,,,,,,,,,,,,,,,,,,,,,,,,24.36,,,,,,0.0,0.0,,,,,,
2023-04-05 08:29:00,17325.0,13.61,25.13,,,,,,,,,,,,,,,,,,,,,,,,,24.34,,,,,,0.0,0.0,,,,,,
2023-04-05 08:30:00,17326.0,13.61,25.13,,,,,,,,,,,,,,,,,,,,,,,,,24.4,,,,,,0.0,0.0,,,,,,
2023-04-05 08:31:00,17327.0,13.6,25.13,,,,,,,,,,,,,,,,,,,,,,,,,24.39,,,,,,0.0,0.0,,,,,,
2023-04-05 08:32:00,17328.0,13.58,25.13,,,,,,,,,,,,,,,,,,,,,,,,,24.38,,,,,,0.0,0.0,,,,,,
2023-04-05 08:33:00,17329.0,13.58,25.14,,,,,,,,,,,,,,,,,,,,,,,,,24.45,,,,,,0.0,0.0,,,,,,
2023-04-05 08:34:00,17330.0,13.58,25.14,,,,,,,,,,,,,,,,,,,,,,,,,24.41,,,,,,0.0,0.0,,,,,,
2023-04-05 08:35:00,17331.0,13.59,25.14,,,,,,,,,,,,,,,,,,,,,,,,,24.44,,,,,,0.0,0.0,,,,,,
2023-04-05 08:36:00,17332.0,13.59,25.14,,,,,,,,,,,,,,,,,,,,,,,,,24.48,,,,,,0.0,0.0,,,,,,
2023-04-05 08:37:00,17333.0,13.6,25.15,,,,,,,,,,,,,,,,,,,,,,,,,24.53,,,,,,0.0,0.0,,,,,,
2023-04-05 08:38:00,17334.0,13.59,25.15,,,,,,,,,,,,,,,,,,,,,,,,,24.53,,,,,,0.0,0.0,,,,,,
2023-04-05 08:39:00,17335.0,13.61,25.15,,,,,,,,,,,,,,,,,,,,,,,,,24.54,,,,,,0.0,0.0,,,,,,
2023-04-05 08:40:00,17336.0,13.57,25.16,,,,,,,,,,,,,,,,,,,,,,,,,24.58,,,,,,0.0,0.0,,,,,,
2023-04-05 08:41:00,17337.0,13.58,25.16,,,,,,,,,,,,,,,,,,,,,,,,,24.54,,,,,,0.0,0.0,,,,,,
2023-04-05 08:42:00,17338.0,13.59,25.17,,,,,,,,,,,,,,,,,,,,,,,,,24.56,,,,,,0.0,0.0,,,,,,
2023-04-05 08:43:00,17339.0,13.61,25.17,,,,,,,,,,,,,,,,,,,,,,,,,24.58,,,,,,0.0,0.0,,,,,,
2023-04-05 08:44:00,17340.0,13.55,25.18,,,,,,,,,,,,,,,,,,,,,,,,,24.65,,,,,,0.0,0.0,,,,,,
2023-04-05 08:45:00,17341.0,13.58,25.19,,,,,,,,,,,,,,,,,,,,,,,,,24.65,,,,,,0.0,0.0,,,,,,
2023-04-05 08:46:00,17342.0,13.59,25.19,,,,,,,,,,,,,,,,,,,,,,,,,24.64,,,,,,0.0,0.0,,,,,,
2023-04-05 08:47:00,17343.0,13.61,25.19,,,,,,,,,,,,,,,,,,,,,,,,,24.67,,,,,,0.0,0.0,,,,,,
2023-04-05 08:48:00,17344.0,13.56,25.21,,,,,,,,,,,,,,,,,,,,,,,,,24.69,,,,,,0.0,0.0,,,,,,
2023-04-05 08:49:00,17345.0,13.55,25.22,,,,,,,,,,,,,,,,,,,,,,,,,24.74,,,,,,0.0,0.0,,,,,,
2023-04-05 08:50:00,17346.0,13.59,25.22,,,,,,,,,,,,,,,,,,,,,,,,,24.76,,,,,,0.0,0.0,,,,,,
2023-04-05 08:51:00,17347.0,13.58,25.23,,,,,,,,,,,,,,,,,,,,,,,,,24.74,,,,,,0.0,0.0,,,,,,
2023-04-05 08:52:00,17348.0,13.56,25.23,,,,,,,,,,,,,,,,,,,,,,,,,24.74,,,,,,0.0,0.0,,,,,,
2023-04-05 08:53:00,17349.0,13.61,25.25,,,,,,,,,,,,,,,,,,,,,,,,,24.79,,,,,,0.0,0.0,,,,,,
2023-04-05 08:54:00,17350.0,13.62,25.24,,,,,,,,,,,,,,,,,,,,,,,,,24.72,,,,,,0.0,0.0,,,,,,
2023-04-05 08:55:00,17351.0,13.61,25.26,,,,,,,,,,,,,,,,,,,,,,,,,24.78,,,,,,0.0,0.0,,,,,,
2023-04-05 08:56:00,17352.0,13.57,25.27,,,,,,,,,,,,,,,,,,,,,,,,,24.83,,,,,,0.0,0.0,,,,,,
2023-04-05 08:57:00,17353.0,13.59,25.27,,,,,,,,,,,,,,,,,,,,,,,,,24.8,,,,,,0.0,0.0,,,,,,
2023-04-05 08:58:00,17354.0,13.64,25.27,,,,,,,,,,,,,,,,,,,,,,,,,24.83,,,,,,0.0,0.0,,,,,,
2023-04-05 08:59:00,17355.0,13.59,25.28,,,,,,,,,,,,,,,,,,,,,,,,,24.81,,,,,,0.0,0.0,,,,,,
2023-04-05 09:00:00,17356.0,13.58,25.29,,,,,,,,,,,,,,,,,,,,,,,,,24.84,,,,,,0.0,0.0,,,,,,
2023-04-05 09:01:00,17357.0,13.61,25.3,,,,,,,,,,,,,,,,,,,,,,,,,24.83,,,,,,0.0,0.0,,,,,,
2023-04-05 09:02:00,17358.0,13.58,25.3,,,,,,,,,,,,,,,,,,,,,,,,,24.82,,,,,,0.0,0.0,,,,,,
2023-04-05 09:03:00,17359.0,13.61,25.31,,,,,,,,,,,,,,,,,,,,,,,,,24.87,,,,,,0.0,0.0,,,,,,
2023-04-05 09:04:00,17360.0,13.59,25.32,,,,,,,,,,,,,,,,,,,,,,,,,24.88,,,,,,0.0,0.0,,,,,,
2023-04-05 09:05:00,17361.0,13.53,25.34,,,,,,,,,,,,,,,,,,,,,,,,,24.85,,,,,,0.0,0.0,,,,,,
2023-04-05 09:06:00,17362.0,13.59,25.34,,,,,,,,,,,,,,,,,,,,,,,,,24.9,,,,,,0.0,0.0,,,,,,
2023-04-05 09:07:00,17363.0,13.6,25.35,,,,,,,,,,,,,,,,,,,,,,,,,24.86,,,,,,0.0,0.0,,,,,,
2023-04-05 09:08:00,17364.0,13.58,25.36,,,,,,,,,,,,,,,,,,,,,,,,,24.84,,,,,,0.0,0.0,,,,,,
2023-04-05 09:09:00,17365.0,13.62,25.35,,,,,,,,,,,,,,,,,,,,,,,,,24.8,,,,,,0.0,0.0,,,,,,
2023-04-05 09:10:00,17366.0,13.59,25.38,,,,,,,,,,,,,,,,,,,,,,,,,24.76,,,,,,0.0,0.0,,,,,,
2023-04-05 09:11:00,17367.0,13.61,25.36,,,,,,,,,,,,,,,,,,,,,,,,,24.86,,,,,,0.0,0.0,,,,,,
2023-04-05 09:12:00,17368.0,13.58,25.38,,,,,,,,,,,,,,,,,,,,,,,,,24.9,,,,,,0.0,0.0,,,,,,
2023-04-05 09:13:00,17369.0,13.61,25.39,,,,,,,,,,,,,,,,,,,,,,,,,24.94,,,,,,0.0,0.0,,,,,,
2023-04-05 09:14:00,17370.0,13.61,25.39,,,,,,,,,,,,,,,,,,,,,,,,,24.86,,,,,,0.0,0.0,,,,,,
2023-04-05 09:15:00,17371.0,13.58,25.41,,,,,,,,,,,,,,,,,,,,,,,,,24.82,,,,,,0.0,0.0,,,,,,
2023-04-05 09:16:00,17372.0,13.63,25.4,,,,,,,,,,,,,,,,,,,,,,,,,24.81,,,,,,0.0,0.0,,,,,,
2023-04-05 09:17:00,17373.0,13.57,25.42,,,,,,,,,,,,,,,,,,,,,,,,,24.86,,,,,,0.0,0.0,,,,,,
2023-04-05 09:18:00,17374.0,13.6,25.42,,,,,,,,,,,,,,,,,,,,,,,,,24.9,,,,,,0.0,0.0,,,,,,
2023-04-05 09:19:00,17375.0,13.58,25.42,,,,,,,,,,,,,,,,,,,,,,,,,24.86,,,,,,0.0,0.0,,,,,,
2023-04-05 09:20:00,17376.0,13.59,25.43,,,,,,,,,,,,,,,,,,,,,,,,,24.87,,,,,,0.0,0.0,,,,,,
2023-04-05 09:21:00,17377.0,13.61,25.44,,,,,,,,,,,,,,,,,,,,,,,,,24.96,,,,,,0.0,0.0,,,,,,
2023-04-05 09:22:00,17378.0,13.57,25.46,,,,,,,,,,,,,,,,,,,,,,,,,24.98,,,,,,0.0,0.0,,,,,,
2023-04-05 09:23:00,17379.0,13.58,25.46,,,,,,,,,,,,,,,,,,,,,,,,,24.91,,,,,,0.0,0.0,,,,,,
2023-04-05 09:24:00,17380.0,13.55,25.46,,,,,,,,,,,,,,,,,,,,,,,,,24.91,,,,,,0.0,0.0,,,,,,
2023-04-05 09:25:00,17381.0,13.61,25.49,,,,,,,,,,,,,,,,,,,,,,,,,24.93,,,,,,0.0,0.0,,,,,,
2023-04-05 09:26:00,17382.0,13.58,25.48,,,,,,,,,,,,,,,,,,,,,,,,,24.98,,,,,,0.0,0.0,,,,,,
2023-04-05 09:27:00,17383.0,13.62,25.49,,,,,,,,,,,,,,,,,,,,,,,,,24.96,,,,,,0.0,0.0,,,,,,
2023-04-05 09:28:00,17384.0,13.59,25.5,,,,,,,,,,,,,,,,,,,,,,,,,24.96,,,,,,0.0,0.0,,,,,,
2023-04-05 09:29:00,17385.0,13.62,25.5,,,,,,,,,,,,,,,,,,,,,,,,,25.0,,,,,,0.0,0.0,,,,,,
2023-04-05 09:30:00,17386.0,13.55,25.5,,,,,,,,,,,,,,,,,,,,,,,,,24.98,,,,,,0.0,0.0,,,,,,
2023-04-05 09:31:00,17387.0,13.59,25.52,,,,,,,,,,,,,,,,,,,,,,,,,24.96,,,,,,0.0,0.0,,,,,,
2023-04-05 09:32:00,17388.0,13.6,25.52,,,,,,,,,,,,,,,,,,,,,,,,,24.91,,,,,,0.0,0.0,,,,,,
2023-04-05 09:33:00,17389.0,13.59,25.53,,,,,,,,,,,,,,,,,,,,,,,,,24.94,,,,,,0.0,0.0,,,,,,
2023-04-05 09:34:00,17390.0,13.62,25.53,,,,,,,,,,,,,,,,,,,,,,,,,24.9,,,,,,0.0,0.0,,,,,,
2023-04-05 09:35:00,17391.0,13.61,25.54,,,,,,,,,,,,,,,,,,,,,,,,,24.89,,,,,,0.0,0.0,,,,,,
2023-04-05 09:36:00,17392.0,13.55,25.52,,,,,,,,,,,,,,,,,,,,,,,,,24.92,,,,,,0.0,0.0,,,,,,
2023-04-05 09:37:00,17393.0,13.58,25.53,,,,,,,,,,,,,,,,,,,,,,,,,24.91,,,,,,0.0,0.0,,,,,,
2023-04-05 09:38:00,17394.0,13.62,25.53,,,,,,,,,,,,,,,,,,,,,,,,,24.94,,,,,,0.0,0.0,,,,,,
2023-04-05 09:39:00,17395.0,13.61,25.53,,,,,,,,,,,,,,,,,,,,,,,,,24.96,,,,,,0.0,0.0,,,,,,
2023-04-05 09:40:00,17396.0,13.56,25.53,,,,,,,,,,,,,,,,,,,,,,,,,25.0,,,,,,0.0,0.0,,,,,,
2023-04-05 09:41:00,17397.0,13.6,25.52,,,,,,,,,,,,,,,,,,,,,,,,,25.0,,,,,,0.0,0.0,,,,,,
2023-04-05 09:42:00,17398.0,13.59,25.52,,,,,,,,,,,,,,,,,,,,,,,,,24.95,,,,,,0.0,0.0,,,,,,
2023-04-05 09:43:00,17399.0,13.56,25.51,,,,,,,,,,,,,,,,,,,,,,,,,25.04,,,,,,0.0,0.0,,,,,,
2023-04-05 09:44:00,17400.0,13.6,25.52,,,,,,,,,,,,,,,,,,,,,,,,,25.06,,,,,,0.0,0.0,,,,,,
2023-04-05 09:45:00,17401.0,13.62,25.53,,,,,,,,,,,,,,,,,,,,,,,,,25.0,,,,,,0.0,0.0,,,,,,
2023-04-05 09:46:00,17402.0,13.55,25.52,,,,,,,,,,,,,,,,,,,,,,,,,25.02,,,,,,0.0,0.0,,,,,,
2023-04-05 09:47:00,17403.0,13.59,25.52,,,,,,,,,,,,,,,,,,,,,,,,,25.1,,,,,,0.0,0.0,,,,,,
2023-04-05 09:48:00,17404.0,13.63,25.52,,,,,,,,,,,,,,,,,,,,,,,,,25.04,,,,,,0.0,0.0,,,,,,
2023-04-05 09:49:00,17405.0,13.61,25.52,,,,,,,,,,,,,,,,,,,,,,,,,25.02,,,,,,0.0,0.0,,,,,,
2023-04-05 09:50:00,17406.0,13.59,25.52,,,,,,,,,,,,,,,,,,,,,,,,,25.08,,,,,,0.0,0.0,,,,,,
2023-04-05 09:51:00,17407.0,13.59,25.51,,,,,,,,,,,,,,,,,,,,,,,,,25.05,,,,,,0.0,0.0,,,,,,
2023-04-05 09:52:00,17408.0,13.53,25.53,,,,,,,,,,,,,,,,,,,,,,,,,25.08,,,,,,0.0,0.0,,,,,,
2023-04-05 09:53:00,17409.0,13.58,25.53,,,,,,,,,,,,,,,,,,,,,,,,,25.13,,,,,,0.0,0.0,,,,,,
2023-04-05 09:54:00,17410.0,13.58,25.53,,,,,,,,,,,,,,,,,,,,,,,,,25.08,,,,,,0.0,0.0,,,,,,
2023-04-05 09:55:00,17411.0,13.61,25.54,,,,,,,,,,,,,,,,,,,,,,,,,24.99,,,,,,0.0,0.0,,,,,,
2023-04-05 09:56:00,17412.0,13.62,25.53,,,,,,,,,,,,,,,,,,,,,,,,,25.07,,,,,,0.0,0.0,,,,,,
2023-04-05 09:57:00,17413.0,13.58,25.54,,,,,,,,,,,,,,,,,,,,,,,,,25.1,,,,,,0.0,0.0,,,,,,
2023-04-05 09:58:00,17414.0,13.59,25.53,,,,,,,,,,,,,,,,,,,,,,,,,25.07,,,,,,0.0,0.0,,,,,,
2023-04-05 09:59:00,17415.0,13.59,25.55,,,,,,,,,,,,,,,,,,,,,,,,,25.1,,,,,,0.0,0.0,,,,,,
2023-04-05 10:00:00,17416.0,13.61,25.55,,,,,,,,,,,,,,,,,,,,,,,,,25.16,,,,,,0.0,0.0,,,,,,
2023-04-05 10:01:00,17417.0,13.61,25.56,,,,,,,,,,,,,,,,,,,,,,,,,25.06,,,,,,0.0,0.0,,,,,,
2023-04-05 10:02:00,17418.0,13.59,25.54,,,,,,,,,,,,,,,,,,,,,,,,,25.12,,,,,,0.0,0.0,,,,,,
2023-04-05 10:03:00,17419.0,13.59,25.54,,,,,,,,,,,,,,,,,,,,,,,,,25.12,,,,,,0.0,0.0,,,,,,
2023-04-05 10:04:00,17420.0,13.61,25.56,,,,,,,,,,,,,,,,,,,,,,,,,25.11,,,,,,0.0,0.0,,,,,,
2023-04-05 10:05:00,17421.0,13.59,25.56,,,,,,,,,,,,,,,,,,,,,,,,,25.09,,,,,,0.0,0.0,,,,,,
2023-04-05 10:06:00,17422.0,13.62,25.55,,,,,,,,,,,,,,,,,,,,,,,,,25.14,,,,,,0.0,0.0,,,,,,
2023-04-05 10:07:00,17423.0,13.61,25.57,,,,,,,,,,,,,,,,,,,,,,,,,25.23,,,,,,0.0,0.0,,,,,,
2023-04-05 10:08:00,17424.0,13.59,25.57,,,,,,,,,,,,,,,,,,,,,,,,,25.22,,,,,,0.0,0.0,,,,,,
2023-04-05 10:09:00,17425.0,13.58,25.57,,,,,,,,,,,,,,,,,,,,,,,,,25.25,,,,,,0.0,0.0,,,,,,
2023-04-05 10:10:00,17426.0,13.59,25.58,,,,,,,,,,,,,,,,,,,,,,,,,25.21,,,,,,0.0,0.0,,,,,,
2023-04-05 10:11:00,17427.0,13.59,25.59,,,,,,,,,,,,,,,,,,,,,,,,,25.28,,,,,,0.0,0.0,,,,,,
2023-04-05 10:12:00,17428.0,13.62,25.61,,,,,,,,,,,,,,,,,,,,,,,,,25.32,,,,,,0.0,0.0,,,,,,
2023-04-05 10:13:00,17429.0,13.59,25.62,,,,,,,,,,,,,,,,,,,,,,,,,25.28,,,,,,0.0,0.0,,,,,,
2023-04-05 10:14:00,17430.0,13.59,25.63,,,,,,,,,,,,,,,,,,,,,,,,,25.36,,,,,,0.0,0.0,,,,,,
2023-04-05 10:15:00,17431.0,13.56,25.62,,,,,,,,,,,,,,,,,,,,,,,,,25.31,,,,,,0.0,0.0,,,,,,
2023-04-05 10:16:00,17432.0,13.59,25.63,,,,,,,,,,,,,,,,,,,,,,,,,25.37,,,,,,0.0,0.0,,,,,,
2023-04-05 10:17:00,17433.0,13.59,25.64,,,,,,,,,,,,,,,,,,,,,,,,,25.32,,,,,,0.0,0.0,,,,,,
2023-04-05 10:18:00,17434.0,13.58,25.66,,,,,,,,,,,,,,,,,,,,,,,,,25.32,,,,,,0.0,0.0,,,,,,
2023-04-05 10:19:00,17435.0,13.61,25.67,,,,,,,,,,,,,,,,,,,,,,,,,25.22,,,,,,0.0,0.0,,,,,,
2023-04-05 10:20:00,17436.0,13.56,25.68,,,,,,,,,,,,,,,,,,,,,,,,,25.22,,,,,,0.0,0.0,,,,,,
2023-04-05 10:21:00,17437.0,13.58,25.69,,,,,,,,,,,,,,,,,,,,,,,,,25.34,,,,,,0.0,0.0,,,,,,
2023-04-05 10:22:00,17438.0,13.56,25.7,,,,,,,,,,,,,,,,,,,,,,,,,25.23,,,,,,0.0,0.0,,,,,,
2023-04-05 10:23:00,17439.0,13.55,25.72,,,,,,,,,,,,,,,,,,,,,,,,,25.39,,,,,,0.0,0.0,,,,,,
2023-04-05 10:24:00,17440.0,13.59,25.72,,,,,,,,,,,,,,,,,,,,,,,,,25.24,,,,,,0.0,0.0,,,,,,
2023-04-05 10:25:00,17441.0,13.56,25.73,,,,,,,,,,,,,,,,,,,,,,,,,25.34,,,,,,0.0,0.0,,,,,,
2023-04-05 10:26:00,17442.0,13.59,25.74,,,,,,,,,,,,,,,,,,,,,,,,,25.35,,,,,,0.0,0.0,,,,,,
2023-04-05 10:27:00,17443.0,13.56,25.74,,,,,,,,,,,,,,,,,,,,,,,,,25.29,,,,,,0.0,0.0,,,,,,
2023-04-05 10:28:00,17444.0,13.59,25.77,,,,,,,,,,,,,,,,,,,,,,,,,25.27,,,,,,0.0,0.0,,,,,,
2023-04-05 10:29:00,17445.0,13.59,25.77,,,,,,,,,,,,,,,,,,,,,,,,,25.28,,,,,,0.0,0.0,,,,,,
2023-04-05 10:30:00,17446.0,13.56,25.77,,,,,,,,,,,,,,,,,,,,,,,,,25.33,,,,,,0.0,0.0,,,,,,
2023-04-05 10:31:00,17447.0,13.59,25.78,,,,,,,,,,,,,,,,,,,,,,,,,25.46,,,,,,0.0,0.0,,,,,,
2023-04-05 10:32:00,17448.0,13.61,25.78,,,,,,,,,,,,,,,,,,,,,,,,,25.34,,,,,,0.0,0.0,,,,,,
2023-04-05 10:33:00,17449.0,13.59,25.79,,,,,,,,,,,,,,,,,,,,,,,,,25.32,,,,,,0.0,0.0,,,,,,
2023-04-05 10:34:00,17450.0,13.55,25.79,,,,,,,,,,,,,,,,,,,,,,,,,25.31,,,,,,0.0,0.0,,,,,,
2023-04-05 10:35:00,17451.0,13.58,25.81,,,,,,,,,,,,,,,,,,,,,,,,,25.39,,,,,,0.0,0.0,,,,,,
2023-04-05 10:36:00,17452.0,13.56,25.8,,,,,,,,,,,,,,,,,,,,,,,,,25.4,,,,,,0.0,0.0,,,,,,
2023-04-05 10:37:00,17453.0,13.61,25.81,,,,,,,,,,,,,,,,,,,,,,,,,25.3,,,,,,0.0,0.0,,,,,,
2023-04-05 10:38:00,17454.0,13.59,25.81,,,,,,,,,,,,,,,,,,,,,,,,,25.34,,,,,,0.0,0.0,,,,,,
2023-04-05 10:39:00,17455.0,13.6,25.83,,,,,,,,,,,,,,,,,,,,,,,,,25.43,,,,,,0.0,0.0,,,,,,
2023-04-05 10:40:00,17456.0,13.6,25.83,,,,,,,,,,,,,,,,,,,,,,,,,25.46,,,,,,0.0,0.0,,,,,,
2023-04-05 10:41:00,17457.0,13.58,25.84,,,,,,,,,,,,,,,,,,,,,,,,,25.35,,,,,,0.0,0.0,,,,,,
2023-04-05 10:42:00,17458.0,13.55,25.83,,,,,,,,,,,,,,,,,,,,,,,,,25.33,,,,,,0.0,0.0,,,,,,
2023-04-05 10:43:00,17459.0,13.58,25.84,,,,,,,,,,,,,,,,,,,,,,,,,25.34,,,,,,0.0,0.0,,,,,,
2023-04-05 10:44:00,17460.0,13.55,25.85,,,,,,,,,,,,,,,,,,,,,,,,,25.3,,,,,,0.0,0.0,,,,,,
2023-04-05 10:45:00,17461.0,13.53,25.87,,,,,,,,,,,,,,,,,,,,,,,,,25.51,,,,,,0.0,0.0,,,,,,
2023-04-05 10:46:00,17462.0,13.6,25.86,,,,,,,,,,,,,,,,,,,,,,,,,25.41,,,,,,0.0,0.0,,,,,,
2023-04-05 10:47:00,17463.0,13.52,25.87,,,,,,,,,,,,,,,,,,,,,,,,,25.48,,,,,,0.0,0.0,,,,,,
2023-04-05 10:48:00,17464.0,13.62,25.87,,,,,,,,,,,,,,,,,,,,,,,,,25.37,,,,,,0.0,0.0,,,,,,
2023-04-05 10:49:00,17465.0,13.58,25.89,,,,,,,,,,,,,,,,,,,,,,,,,25.38,,,,,,0.0,0.0,,,,,,
2023-04-05 10:50:00,17466.0,13.58,25.88,,,,,,,,,,,,,,,,,,,,,,,,,25.41,,,,,,0.0,0.0,,,,,,
2023-04-05 10:51:00,17467.0,13.57,25.88,,,,,,,,,,,,,,,,,,,,,,,,,25.54,,,,,,0.0,0.0,,,,,,
2023-04-05 10:52:00,17468.0,13.57,25.88,,,,,,,,,,,,,,,,,,,,,,,,,25.39,,,,,,0.0,0.0,,,,,,
2023-04-05 10:53:00,17469.0,13.58,25.9,,,,,,,,,,,,,,,,,,,,,,,,,25.4,,,,,,0.0,0.0,,,,,,
2023-04-05 10:54:00,17470.0,13.59,25.9,,,,,,,,,,,,,,,,,,,,,,,,,25.41,,,,,,0.0,0.0,,,,,,
2023-04-05 10:55:00,17471.0,13.59,25.9,,,,,,,,,,,,,,,,,,,,,,,,,25.49,,,,,,0.0,0.0,,,,,,
2023-04-05 10:56:00,17472.0,13.57,25.91,,,,,,,,,,,,,,,,,,,,,,,,,25.45,,,,,,0.0,0.0,,,,,,
2023-04-05 10:57:00,17473.0,13.56,25.93,,,,,,,,,,,,,,,,,,,,,,,,,25.43,,,,,,0.0,0.0,,,,,,
2023-04-05 10:58:00,17474.0,13.53,25.93,,,,,,,,,,,,,,,,,,,,,,,,,25.52,,,,,,0.0,0.0,,,,,,
2023-04-05 10:59:00,17475.0,13.59,25.93,,,,,,,,,,,,,,,,,,,,,,,,,25.51,,,,,,0.0,0.0,,,,,,
2023-04-05 11:00:00,17476.0,13.59,25.94,,,,,,,,,,,,,,,,,,,,,,,,,25.53,,,,,,0.0,0.0,,,,,,
2023-04-05 11:01:00,17477.0,13.59,25.94,,,,,,,,,,,,,,,,,,,,,,,,,25.44,,,,,,0.0,0.0,,,,,,
2023-04-05 11:02:00,17478.0,13.62,25.95,,,,,,,,,,,,,,,,,,,,,,,,,25.56,,,,,,0.0,0.0,,,,,,
2023-04-05 11:03:00,17479.0,13.57,25.95,,,,,,,,,,,,,,,,,,,,,,,,,25.5,,,,,,0.0,0.0,,,,,,
2023-04-05 11:04:00,17480.0,13.57,25.95,,,,,,,,,,,,,,,,,,,,,,,,,25.57,,,,,,0.0,0.0,,,,,,
2023-04-05 11:05:00,17481.0,13.6,25.96,,,,,,,,,,,,,,,,,,,,,,,,,25.47,,,,,,0.0,0.0,,,,,,
2023-04-05 11:06:00,17482.0,13.56,25.97,,,,,,,,,,,,,,,,,,,,,,,,,25.58,,,,,,0.0,0.0,,,,,,
2023-04-05 11:07:00,17483.0,13.56,25.97,,,,,,,,,,,,,,,,,,,,,,,,,25.69,,,,,,0.0,0.0,,,,,,
2023-04-05 11:08:00,17484.0,13.59,25.99,,,,,,,,,,,,,,,,,,,,,,,,,25.68,,,,,,0.0,0.0,,,,,,
2023-04-05 11:09:00,17485.0,13.58,25.98,,,,,,,,,,,,,,,,,,,,,,,,,25.43,,,,,,0.0,0.0,,,,,,
2023-04-05 11:10:00,17486.0,13.58,25.99,,,,,,,,,,,,,,,,,,,,,,,,,25.52,,,,,,0.0,0.0,,,,,,
2023-04-05 11:11:00,17487.0,13.59,25.99,,,,,,,,,,,,,,,,,,,,,,,,,25.5,,,,,,0.0,0.0,,,,,,
2023-04-05 11:12:00,17488.0,13.55,26.0,,,,,,,,,,,,,,,,,,,,,,,,,25.59,,,,,,0.0,0.0,,,,,,
2023-04-05 11:13:00,17489.0,13.59,26.01,,,,,,,,,,,,,,,,,,,,,,,,,25.54,,,,,,0.0,0.0,,,,,,
2023-04-05 11:14:00,17490.0,13.56,26.02,,,,,,,,,,,,,,,,,,,,,,,,,25.66,,,,,,0.0,0.0,,,,,,
2023-04-05 11:15:00,17491.0,13.58,26.02,,,,,,,,,,,,,,,,,,,,,,,,,25.51,,,,,,0.0,0.0,,,,,,
2023-04-05 11:16:00,17492.0,13.57,26.03,,,,,,,,,,,,,,,,,,,,,,,,,25.62,,,,,,0.0,0.0,,,,,,
2023-04-05 11:17:00,17493.0,13.56,26.03,,,,,,,,,,,,,,,,,,,,,,,,,25.67,,,,,,0.0,0.0,,,,,,
2023-04-05 11:18:00,17494.0,13.59,26.05,,,,,,,,,,,,,,,,,,,,,,,,,25.57,,,,,,0.0,0.0,,,,,,
2023-04-05 11:19:00,17495.0,13.59,26.04,,,,,,,,,,,,,,,,,,,,,,,,,25.55,,,,,,0.0,0.0,,,,,,
2023-04-05 11:20:00,17496.0,13.57,26.05,,,,,,,,,,,,,,,,,,,,,,,,,25.61,,,,,,0.0,0.0,,,,,,
2023-04-05 11:21:00,17497.0,13.59,26.06,,,,,,,,,,,,,,,,,,,,,,,,,25.58,,,,,,0.0,0.0,,,,,,
2023-04-05 11:22:00,17498.0,13.6,26.06,,,,,,,,,,,,,,,,,,,,,,,,,25.65,,,,,,0.0,0.0,,,,,,
2023-04-05 11:23:00,17499.0,13.61,26.07,,,,,,,,,,,,,,,,,,,,,,,,,25.62,,,,,,0.0,0.0,,,,,,
2023-04-05 11:24:00,17500.0,13.58,26.08,,,,,,,,,,,,,,,,,,,,,,,,,25.57,,,,,,0.0,0.0,,,,,,
2023-04-05 11:25:00,17501.0,13.55,26.08,,,,,,,,,,,,,,,,,,,,,,,,,25.56,,,,,,0.0,0.0,,,,,,
2023-04-05 11:26:00,17502.0,13.56,26.09,,,,,,,,,,,,,,,,,,,,,,,,,25.76,,,,,,0.0,0.0,,,,,,
2023-04-05 11:27:00,17503.0,13.59,26.09,,,,,,,,,,,,,,,,,,,,,,,,,25.62,,,,,,0.0,0.0,,,,,,
2023-04-05 11:28:00,17504.0,13.53,26.09,,,,,,,,,,,,,,,,,,,,,,,,,25.66,,,,,,0.0,0.0,,,,,,
2023-04-05 11:29:00,17505.0,13.58,26.08,,,,,,,,,,,,,,,,,,,,,,,,,25.6,,,,,,0.0,0.0,,,,,,
2023-04-05 11:30:00,17506.0,13.55,26.09,,,,,,,,,,,,,,,,,,,,,,,,,25.52,,,,,,0.0,0.0,,,,,,
2023-04-05 11:31:00,17507.0,13.55,26.09,,,,,,,,,,,,,,,,,,,,,,,,,25.48,,,,,,0.0,0.0,,,,,,
2023-04-05 11:32:00,17508.0,13.59,26.06,,,,,,,,,,,,,,,,,,,,,,,,,25.48,,,,,,0.0,0.0,,,,,,
2023-04-05 11:33:00,17509.0,13.57,26.07,,,,,,,,,,,,,,,,,,,,,,,,,25.58,,,,,,0.0,0.0,,,,,,
2023-04-05 11:34:00,17510.0,13.55,26.05,,,,,,,,,,,,,,,,,,,,,,,,,25.55,,,,,,0.0,0.0,,,,,,
2023-04-05 11:35:00,17511.0,13.56,26.05,,,,,,,,,,,,,,,,,,,,,,,,,25.56,,,,,,0.0,0.0,,,,,,
2023-04-05 11:36:00,17512.0,13.55,26.05,,,,,,,,,,,,,,,,,,,,,,,,,25.56,,,,,,0.0,0.0,,,,,,
2023-04-05 11:37:00,17513.0,13.57,26.04,,,,,,,,,,,,,,,,,,,,,,,,,25.48,,,,,,0.0,0.0,,,,,,
2023-04-05 11:38:00,17514.0,13.54,26.04,,,,,,,,,,,,,,,,,,,,,,,,,25.44,,,,,,0.0,0.0,,,,,,
2023-04-05 11:39:00,17515.0,13.62,26.03,,,,,,,,,,,,,,,,,,,,,,,,,25.41,,,,,,0.0,0.0,,,,,,
2023-04-05 11:40:00,17516.0,13.53,26.04,,,,,,,,,,,,,,,,,,,,,,,,,25.55,,,,,,0.0,0.0,,,,,,
2023-04-05 11:41:00,17517.0,13.58,26.03,,,,,,,,,,,,,,,,,,,,,,,,,25.42,,,,,,0.0,0.0,,,,,,
2023-04-05 11:42:00,17518.0,13.64,26.03,,,,,,,,,,,,,,,,,,,,,,,,,25.46,,,,,,0.0,0.0,,,,,,
2023-04-05 11:43:00,17519.0,13.53,26.03,,,,,,,,,,,,,,,,,,,,,,,,,25.41,,,,,,0.0,0.0,,,,,,
2023-04-05 11:44:00,17520.0,13.56,26.02,,,,,,,,,,,,,,,,,,,,,,,,,25.44,,,,,,0.0,0.0,,,,,,
2023-04-05 11:45:00,17521.0,13.56,26.02,,,,,,,,,,,,,,,,,,,,,,,,,25.4,,,,,,0.0,0.0,,,,,,
2023-04-05 11:46:00,17522.0,13.59,26.01,,,,,,,,,,,,,,,,,,,,,,,,,25.42,,,,,,0.0,0.0,,,,,,
2023-04-05 11:47:00,17523.0,13.6,26.01,,,,,,,,,,,,,,,,,,,,,,,,,25.4,,,,,,0.0,0.0,,,,,,
2023-04-05 11:48:00,17524.0,13.59,26.01,,,,,,,,,,,,,,,,,,,,,,,,,25.41,,,,,,0.0,0.0,,,,,,
2023-04-05 11:49:00,17525.0,13.61,26.0,,,,,,,,,,,,,,,,,,,,,,,,,25.41,,,,,,0.0,0.0,,,,,,
2023-04-05 11:50:00,17526.0,13.55,26.0,,,,,,,,,,,,,,,,,,,,,,,,,25.38,,,,,,0.0,0.0,,,,,,
2023-04-05 11:51:00,17527.0,13.57,26.0,,,,,,,,,,,,,,,,,,,,,,,,,25.39,,,,,,0.0,0.0,,,,,,
2023-04-05 11:52:00,17528.0,13.58,26.0,,,,,,,,,,,,,,,,,,,,,,,,,25.39,,,,,,0.0,0.0,,,,,,
2023-04-05 11:53:00,17529.0,13.6,25.98,,,,,,,,,,,,,,,,,,,,,,,,,25.36,,,,,,0.0,0.0,,,,,,
2023-04-05 11:54:00,17530.0,13.58,25.99,,,,,,,,,,,,,,,,,,,,,,,,,25.37,,,,,,0.0,0.0,,,,,,
2023-04-05 11:55:00,17531.0,13.56,25.99,,,,,,,,,,,,,,,,,,,,,,,,,25.36,,,,,,0.0,0.0,,,,,,
2023-04-05 11:56:00,17532.0,13.58,25.98,,,,,,,,,,,,,,,,,,,,,,,,,25.43,,,,,,0.0,0.0,,,,,,
2023-04-05 11:57:00,17533.0,13.53,25.97,,,,,,,,,,,,,,,,,,,,,,,,,25.54,,,,,,0.0,0.0,,,,,,
2023-04-05 11:58:00,17534.0,13.6,25.96,,,,,,,,,,,,,,,,,,,,,,,,,25.41,,,,,,0.0,0.0,,,,,,
2023-04-05 11:59:00,17535.0,13.59,25.97,,,,,,,,,,,,,,,,,,,,,,,,,25.36,,,,,,0.0,0.0,,,,,,
2023-04-05 12:00:00,17536.0,13.59,25.96,,,,,,,,,,,,,,,,,,,,,,,,,25.32,,,,,,0.0,0.0,,,,,,
2023-04-05 12:01:00,17537.0,13.57,25.96,,,,,,,,,,,,,,,,,,,,,,,,,25.34,,,,,,0.0,0.0,,,,,,
2023-04-05 12:02:00,17538.0,13.59,25.95,,,,,,,,,,,,,,,,,,,,,,,,,25.34,,,,,,0.0,0.0,,,,,,
2023-04-05 12:03:00,17539.0,13.57,25.95,,,,,,,,,,,,,,,,,,,,,,,,,25.3,,,,,,0.0,0.0,,,,,,
2023-04-05 12:04:00,17540.0,13.53,25.95,,,,,,,,,,,,,,,,,,,,,,,,,25.29,,,,,,0.0,0.0,,,,,,
2023-04-05 12:05:00,17541.0,13.63,25.94,,,,,,,,,,,,,,,,,,,,,,,,,25.26,,,,,,0.0,0.0,,,,,,
2023-04-05 12:06:00,17542.0,13.52,25.94,,,,,,,,,,,,,,,,,,,,,,,,,25.28,,,,,,0.0,0.0,,,,,,
2023-04-05 12:07:00,17543.0,13.54,25.94,,,,,,,,,,,,,,,,,,,,,,,,,25.35,,,,,,0.0,0.0,,,,,,
2023-04-05 12:08:00,17544.0,13.55,25.92,,,,,,,,,,,,,,,,,,,,,,,,,25.35,,,,,,0.0,0.0,,,,,,
2023-04-05 12:09:00,17545.0,13.55,25.93,,,,,,,,,,,,,,,,,,,,,,,,,25.3,,,,,,0.0,0.0,,,,,,
2023-04-05 12:10:00,17546.0,13.6,25.92,,,,,,,,,,,,,,,,,,,,,,,,,25.29,,,,,,0.0,0.0,,,,,,
2023-04-05 12:11:00,17547.0,13.59,25.92,,,,,,,,,,,,,,,,,,,,,,,,,25.39,,,,,,0.0,0.0,,,,,,
2023-04-05 12:12:00,17548.0,13.57,25.92,,,,,,,,,,,,,,,,,,,,,,,,,25.29,,,,,,0.0,0.0,,,,,,
2023-04-05 12:13:00,17549.0,13.62,25.92,,,,,,,,,,,,,,,,,,,,,,,,,25.32,,,,,,0.0,0.0,,,,,,
2023-04-05 12:14:00,17550.0,13.56,25.91,,,,,,,,,,,,,,,,,,,,,,,,,25.35,,,,,,0.0,0.0,,,,,,
2023-04-05 12:15:00,17551.0,13.6,25.92,,,,,,,,,,,,,,,,,,,,,,,,,25.34,,,,,,0.0,0.0,,,,,,
2023-04-05 12:16:00,17552.0,13.63,25.89,,,,,,,,,,,,,,,,,,,,,,,,,25.29,,,,,,0.0,0.0,,,,,,
2023-04-05 12:17:00,17553.0,13.6,25.91,,,,,,,,,,,,,,,,,,,,,,,,,25.32,,,,,,0.0,0.0,,,,,,
2023-04-05 12:18:00,17554.0,13.59,25.9,,,,,,,,,,,,,,,,,,,,,,,,,25.31,,,,,,0.0,0.0,,,,,,
2023-04-05 12:19:00,17555.0,13.62,25.91,,,,,,,,,,,,,,,,,,,,,,,,,25.28,,,,,,0.0,0.0,,,,,,
2023-04-05 12:20:00,17556.0,13.56,25.91,,,,,,,,,,,,,,,,,,,,,,,,,25.32,,,,,,0.0,0.0,,,,,,
2023-04-05 12:21:00,17557.0,13.62,25.9,,,,,,,,,,,,,,,,,,,,,,,,,25.32,,,,,,0.0,0.0,,,,,,
2023-04-05 12:22:00,17558.0,13.55,25.9,,,,,,,,,,,,,,,,,,,,,,,,,25.33,,,,,,0.0,0.0,,,,,,
2023-04-05 12:23:00,17559.0,13.59,25.91,,,,,,,,,,,,,,,,,,,,,,,,,25.34,,,,,,0.0,0.0,,,,,,
2023-04-05 12:24:00,17560.0,13.54,25.89,,,,,,,,,,,,,,,,,,,,,,,,,25.32,,,,,,0.0,0.0,,,,,,
2023-04-05 12:25:00,17561.0,13.63,25.89,,,,,,,,,,,,,,,,,,,,,,,,,25.33,,,,,,0.0,0.0,,,,,,
2023-04-05 12:26:00,17562.0,13.52,25.9,,,,,,,,,,,,,,,,,,,,,,,,,25.34,,,,,,0.0,0.0,,,,,,
2023-04-05 12:27:00,17563.0,13.58,25.89,,,,,,,,,,,,,,,,,,,,,,,,,25.39,,,,,,0.0,0.0,,,,,,
2023-04-05 12:28:00,17564.0,13.57,25.91,,,,,,,,,,,,,,,,,,,,,,,,,25.42,,,,,,0.0,0.0,,,,,,
2023-04-05 12:29:00,17565.0,13.6,25.93,,,,,,,,,,,,,,,,,,,,,,,,,25.38,,,,,,0.0,0.0,,,,,,
2023-04-05 12:30:00,17566.0,13.61,25.93,,,,,,,,,,,,,,,,,,,,,,,,,25.35,,,,,,0.0,0.0,,,,,,
2023-04-05 12:31:00,17567.0,13.57,25.93,,,,,,,,,,,,,,,,,,,,,,,,,25.31,,,,,,0.0,0.0,,,,,,
2023-04-05 12:32:00,17568.0,13.55,25.95,,,,,,,,,,,,,,,,,,,,,,,,,25.45,,,,,,0.0,0.0,,,,,,
2023-04-05 12:33:00,17569.0,13.58,25.94,,,,,,,,,,,,,,,,,,,,,,,,,25.36,,,,,,0.0,0.0,,,,,,
2023-04-05 12:34:00,17570.0,13.56,25.96,,,,,,,,,,,,,,,,,,,,,,,,,25.46,,,,,,0.0,0.0,,,,,,
2023-04-05 12:35:00,17571.0,13.56,25.97,,,,,,,,,,,,,,,,,,,,,,,,,25.51,,,,,,0.0,0.0,,,,,,
2023-04-05 12:36:00,17572.0,13.56,25.97,,,,,,,,,,,,,,,,,,,,,,,,,25.4,,,,,,0.0,0.0,,,,,,
2023-04-05 12:37:00,17573.0,13.59,25.98,,,,,,,,,,,,,,,,,,,,,,,,,25.63,,,,,,0.0,0.0,,,,,,
2023-04-05 12:38:00,17574.0,13.59,25.98,,,,,,,,,,,,,,,,,,,,,,,,,25.44,,,,,,0.0,0.0,,,,,,
2023-04-05 12:39:00,17575.0,13.58,25.98,,,,,,,,,,,,,,,,,,,,,,,,,25.41,,,,,,0.0,0.0,,,,,,
2023-04-05 12:40:00,17576.0,13.6,25.99,,,,,,,,,,,,,,,,,,,,,,,,,25.44,,,,,,0.0,0.0,,,,,,
2023-04-05 12:41:00,17577.0,13.59,25.99,,,,,,,,,,,,,,,,,,,,,,,,,25.39,,,,,,0.0,0.0,,,,,,
2023-04-05 12:42:00,17578.0,13.59,26.0,,,,,,,,,,,,,,,,,,,,,,,,,25.5,,,,,,0.0,0.0,,,,,,
2023-04-05 12:43:00,17579.0,13.61,26.01,,,,,,,,,,,,,,,,,,,,,,,,,25.54,,,,,,0.0,0.0,,,,,,
2023-04-05 12:44:00,17580.0,13.58,26.01,,,,,,,,,,,,,,,,,,,,,,,,,25.45,,,,,,0.0,0.0,,,,,,
2023-04-05 12:45:00,17581.0,13.58,26.01,,,,,,,,,,,,,,,,,,,,,,,,,25.48,,,,,,0.0,0.0,,,,,,
2023-04-05 12:46:00,17582.0,13.59,26.01,,,,,,,,,,,,,,,,,,,,,,,,,25.48,,,,,,0.0,0.0,,,,,,
2023-04-05 12:47:00,17583.0,13.6,26.02,,,,,,,,,,,,,,,,,,,,,,,,,25.44,,,,,,0.0,0.0,,,,,,
2023-04-05 12:48:00,17584.0,13.59,26.03,,,,,,,,,,,,,,,,,,,,,,,,,25.43,,,,,,0.0,0.0,,,,,,
2023-04-05 12:49:00,17585.0,13.59,26.03,,,,,,,,,,,,,,,,,,,,,,,,,25.61,,,,,,0.0,0.0,,,,,,
2023-04-05 12:50:00,17586.0,13.57,26.02,,,,,,,,,,,,,,,,,,,,,,,,,25.44,,,,,,0.0,0.0,,,,,,
2023-04-05 12:51:00,17587.0,13.59,26.04,,,,,,,,,,,,,,,,,,,,,,,,,25.61,,,,,,0.0,0.0,,,,,,
2023-04-05 12:52:00,17588.0,13.59,26.04,,,,,,,,,,,,,,,,,,,,,,,,,25.53,,,,,,0.0,0.0,,,,,,
2023-04-05 12:53:00,17589.0,13.56,26.04,,,,,,,,,,,,,,,,,,,,,,,,,25.61,,,,,,0.0,0.0,,,,,,
2023-04-05 12:54:00,17590.0,13.56,26.04,,,,,,,,,,,,,,,,,,,,,,,,,25.61,,,,,,0.0,0.0,,,,,,
2023-04-05 12:55:00,17591.0,13.6,26.05,,,,,,,,,,,,,,,,,,,,,,,,,25.51,,,,,,0.0,0.0,,,,,,
2023-04-05 12:56:00,17592.0,13.52,26.04,,,,,,,,,,,,,,,,,,,,,,,,,25.44,,,,,,0.0,0.0,,,,,,
2023-04-05 12:57:00,17593.0,13.55,26.07,,,,,,,,,,,,,,,,,,,,,,,,,25.6,,,,,,0.0,0.0,,,,,,
2023-04-05 12:58:00,17594.0,13.56,26.06,,,,,,,,,,,,,,,,,,,,,,,,,25.49,,,,,,0.0,0.0,,,,,,
2023-04-05 12:59:00,17595.0,13.58,26.06,,,,,,,,,,,,,,,,,,,,,,,,,25.54,,,,,,0.0,0.0,,,,,,
2023-04-05 13:00:00,17596.0,13.59,26.08,,,,,,,,,,,,,,,,,,,,,,,,,25.54,,,,,,0.0,0.0,,,,,,
2023-04-05 13:01:00,17597.0,13.6,26.07,,,,,,,,,,,,,,,,,,,,,,,,,25.59,,,,,,0.0,0.0,,,,,,
2023-04-05 13:02:00,17598.0,13.6,26.08,,,,,,,,,,,,,,,,,,,,,,,,,25.57,,,,,,0.0,0.0,,,,,,
2023-04-05 13:03:00,17599.0,13.59,26.09,,,,,,,,,,,,,,,,,,,,,,,,,25.64,,,,,,0.0,0.0,,,,,,
2023-04-05 13:04:00,17600.0,13.6,26.08,,,,,,,,,,,,,,,,,,,,,,,,,25.55,,,,,,0.0,0.0,,,,,,
2023-04-05 13:05:00,17601.0,13.58,26.09,,,,,,,,,,,,,,,,,,,,,,,,,25.7,,,,,,0.0,0.0,,,,,,
2023-04-05 13:06:00,17602.0,13.58,26.1,,,,,,,,,,,,,,,,,,,,,,,,,25.56,,,,,,0.0,0.0,,,,,,
2023-04-05 13:07:00,17603.0,13.56,26.08,,,,,,,,,,,,,,,,,,,,,,,,,25.6,,,,,,0.0,0.0,,,,,,
2023-04-05 13:08:00,17604.0,13.57,26.11,,,,,,,,,,,,,,,,,,,,,,,,,25.6,,,,,,0.0,0.0,,,,,,
2023-04-05 13:09:00,17605.0,13.56,26.1,,,,,,,,,,,,,,,,,,,,,,,,,25.6,,,,,,0.0,0.0,,,,,,
2023-04-05 13:10:00,17606.0,13.55,26.1,,,,,,,,,,,,,,,,,,,,,,,,,25.52,,,,,,0.0,0.0,,,,,,
2023-04-05 13:11:00,17607.0,13.59,26.11,,,,,,,,,,,,,,,,,,,,,,,,,25.47,,,,,,0.0,0.0,,,,,,
2023-04-05 13:12:00,17608.0,13.61,26.12,,,,,,,,,,,,,,,,,,,,,,,,,25.5,,,,,,0.0,0.0,,,,,,
2023-04-05 13:13:00,17609.0,13.58,26.11,,,,,,,,,,,,,,,,,,,,,,,,,25.47,,,,,,0.0,0.0,,,,,,
2023-04-05 13:14:00,17610.0,13.59,26.12,,,,,,,,,,,,,,,,,,,,,,,,,25.59,,,,,,0.0,0.0,,,,,,
2023-04-05 13:15:00,17611.0,13.59,26.12,,,,,,,,,,,,,,,,,,,,,,,,,25.55,,,,,,0.0,0.0,,,,,,
2023-04-05 13:16:00,17612.0,13.6,26.12,,,,,,,,,,,,,,,,,,,,,,,,,25.54,,,,,,0.0,0.0,,,,,,
2023-04-05 13:17:00,17613.0,13.56,26.12,,,,,,,,,,,,,,,,,,,,,,,,,25.56,,,,,,0.0,0.0,,,,,,
2023-04-05 13:18:00,17614.0,13.58,26.13,,,,,,,,,,,,,,,,,,,,,,,,,25.64,,,,,,0.0,0.0,,,,,,
2023-04-05 13:19:00,17615.0,13.56,26.14,,,,,,,,,,,,,,,,,,,,,,,,,25.64,,,,,,0.0,0.0,,,,,,
2023-04-05 13:20:00,17616.0,13.59,26.14,,,,,,,,,,,,,,,,,,,,,,,,,25.54,,,,,,0.0,0.0,,,,,,
2023-04-05 13:21:00,17617.0,13.6,26.14,,,,,,,,,,,,,,,,,,,,,,,,,25.49,,,,,,0.0,0.0,,,,,,
2023-04-05 13:22:00,17618.0,13.57,26.14,,,,,,,,,,,,,,,,,,,,,,,,,25.53,,,,,,0.0,0.0,,,,,,
2023-04-05 13:23:00,17619.0,13.58,26.13,,,,,,,,,,,,,,,,,,,,,,,,,25.54,,,,,,0.0,0.0,,,,,,
2023-04-05 13:24:00,17620.0,13.59,26.14,,,,,,,,,,,,,,,,,,,,,,,,,25.68,,,,,,0.0,0.0,,,,,,
2023-04-05 13:25:00,17621.0,13.6,26.11,,,,,,,,,,,,,,,,,,,,,,,,,25.42,,,,,,0.0,0.0,,,,,,
2023-04-05 15:13:00,17622.0,13.82,17.51,,,,,,,,,,,,,,,,,,,,,,,,,23.19,,,,,,0.0,0.0,,,,,,
2023-04-05 15:14:00,17623.0,13.79,17.95,,,,,,,,,,,,,,,,,,,,,,,,,23.38,,,,,,0.0,0.0,,,,,,
2023-04-05 15:15:00,17624.0,13.77,18.41,,,,,,,,,,,,,,,,,,,,,,,,,23.49,,,,,,0.0,0.0,,,,,,
2023-04-05 15:16:00,17625.0,13.78,18.86,,,,,,,,,,,,,,,,,,,,,,,,,23.65,,,,,,0.0,0.0,,,,,,
2023-04-05 15:17:00,17626.0,13.75,19.28,,,,,,,,,,,,,,,,,,,,,,,,,23.74,,,,,,0.0,0.0,,,,,,
2023-04-05 15:18:00,17627.0,13.67,19.67,,,,,,,,,,,,,,,,,,,,,,,,,23.85,,,,,,0.0,0.0,,,,,,
2023-04-05 15:19:00,17628.0,13.74,20.06,,,,,,,,,,,,,,,,,,,,,,,,,23.94,,,,,,0.0,0.0,,,,,,
2023-04-05 15:20:00,17629.0,13.68,20.43,,,,,,,,,,,,,,,,,,,,,,,,,24.05,,,,,,0.0,0.0,,,,,,
2023-04-05 15:21:00,17630.0,13.7,20.76,,,,,,,,,,,,,,,,,,,,,,,,,24.11,,,,,,0.0,0.0,,,,,,
2023-04-05 15:22:00,17631.0,13.69,21.09,,,,,,,,,,,,,,,,,,,,,,,,,24.18,,,,,,0.0,0.0,,,,,,
2023-04-05 15:23:00,17632.0,13.7,21.38,,,,,,,,,,,,,,,,,,,,,,,,,24.28,,,,,,0.0,0.0,,,,,,
2023-04-05 15:24:00,17633.0,13.73,21.65,,,,,,,,,,,,,,,,,,,,,,,,,24.32,,,,,,0.0,0.0,,,,,,
2023-04-05 15:25:00,17634.0,13.67,21.91,,,,,,,,,,,,,,,,,,,,,,,,,24.36,,,,,,0.0,0.0,,,,,,
2023-04-05 15:26:00,17635.0,13.63,22.16,,,,,,,,,,,,,,,,,,,,,,,,,24.41,,,,,,0.0,0.0,,,,,,
2023-04-05 15:27:00,17636.0,13.68,22.38,,,,,,,,,,,,,,,,,,,,,,,,,24.5,,,,,,0.0,0.0,,,,,,
2023-04-05 15:28:00,17637.0,13.63,22.59,,,,,,,,,,,,,,,,,,,,,,,,,24.55,,,,,,0.0,0.0,,,,,,
2023-04-05 15:29:00,17638.0,13.68,22.79,,,,,,,,,,,,,,,,,,,,,,,,,24.57,,,,,,0.0,0.0,,,,,,
2023-04-05 15:30:00,17639.0,13.61,22.97,,,,,,,,,,,,,,,,,,,,,,,,,24.59,,,,,,0.0,0.0,,,,,,
2023-04-05 15:31:00,17640.0,13.67,23.14,,,,,,,,,,,,,,,,,,,,,,,,,24.66,,,,,,0.0,0.0,,,,,,
2023-04-05 15:32:00,17641.0,13.62,23.3,,,,,,,,,,,,,,,,,,,,,,,,,24.64,,,,,,0.0,0.0,,,,,,
2023-04-05 15:33:00,17642.0,13.65,23.45,,,,,,,,,,,,,,,,,,,,,,,,,24.68,,,,,,0.0,0.0,,,,,,
2023-04-05 15:34:00,17643.0,13.61,23.59,,,,,,,,,,,,,,,,,,,,,,,,,24.71,,,,,,0.0,0.0,,,,,,
2023-04-05 15:35:00,17644.0,13.64,23.72,,,,,,,,,,,,,,,,,,,,,,,,,24.71,,,,,,0.0,0.0,,,,,,
2023-04-05 15:36:00,17645.0,13.61,23.85,,,,,,,,,,,,,,,,,,,,,,,,,24.73,,,,,,0.0,0.0,,,,,,
2023-04-05 15:37:00,17646.0,13.65,23.94,,,,,,,,,,,,,,,,,,,,,,,,,24.73,,,,,,0.0,0.0,,,,,,
2023-04-05 15:38:00,17647.0,13.64,24.05,,,,,,,,,,,,,,,,,,,,,,,,,24.76,,,,,,0.0,0.0,,,,,,
2023-04-05 15:39:00,17648.0,13.65,24.15,,,,,,,,,,,,,,,,,,,,,,,,,24.77,,,,,,0.0,0.0,,,,,,
2023-04-05 15:40:00,17649.0,13.57,24.24,,,,,,,,,,,,,,,,,,,,,,,,,24.86,,,,,,0.0,0.0,,,,,,
2023-04-05 15:41:00,17650.0,13.64,24.32,,,,,,,,,,,,,,,,,,,,,,,,,24.85,,,,,,0.0,0.0,,,,,,
2023-04-05 15:42:00,17651.0,13.59,24.4,,,,,,,,,,,,,,,,,,,,,,,,,24.85,,,,,,0.0,0.0,,,,,,
2023-04-05 15:43:00,17652.0,13.61,24.47,,,,,,,,,,,,,,,,,,,,,,,,,24.81,,,,,,0.0,0.0,,,,,,
2023-04-05 15:44:00,17653.0,13.58,24.54,,,,,,,,,,,,,,,,,,,,,,,,,24.87,,,,,,0.0,0.0,,,,,,
2023-04-05 15:45:00,17654.0,13.62,24.62,,,,,,,,,,,,,,,,,,,,,,,,,24.86,,,,,,0.0,0.0,,,,,,
2023-04-05 15:46:00,17655.0,13.66,24.67,,,,,,,,,,,,,,,,,,,,,,,,,24.88,,,,,,0.0,0.0,,,,,,
2023-04-05 15:47:00,17656.0,13.62,24.73,,,,,,,,,,,,,,,,,,,,,,,,,24.9,,,,,,0.0,0.0,,,,,,
2023-04-05 15:48:00,17657.0,13.6,24.77,,,,,,,,,,,,,,,,,,,,,,,,,24.87,,,,,,0.0,0.0,,,,,,
2023-04-05 15:49:00,17657.0,13.6,24.77,,,,,,,,,,,,,,,,,,,,,,,,,24.99,,,,,,0.0,0.0,,,,,,
